-- Generated by scripts/export-backend-seed.mjs. Do not edit manually.
-- Re-run: node --experimental-strip-types scripts/export-backend-seed.mjs

INSERT INTO collections (handle, title, description, image, position) VALUES ('all', 'Shop All', 'Every press-on nail set, lash, bundle and accessory.', 'Shop_Nails.png', 0);
INSERT INTO collections (handle, title, description, image, position) VALUES ('shop-all-glamnetic-products', 'Shop All LynxiGlam Products', 'The full LynxiGlam lineup — nails, lashes, liners and accessories.', 'Shop_Nails.png', 1);
INSERT INTO collections (handle, title, description, image, position) VALUES ('all-nails', 'Glue-On Nails', 'Reusable press-on nails in every shape and style.', 'Shop_Nails.png', 2);
INSERT INTO collections (handle, title, description, image, position) VALUES ('press-on-nails', 'Press-On Nails', 'Salon-quality press-on nails.', 'Shop_Nails.png', 3);
INSERT INTO collections (handle, title, description, image, position) VALUES ('best-sellers', 'Best Sellers', 'Our most-loved sets.', 'CitrusCoast_1.webp', 4);
INSERT INTO collections (handle, title, description, image, position) VALUES ('new', 'New Nail Arrivals', 'Just dropped.', 'Moonstone-1.webp', 5);
INSERT INTO collections (handle, title, description, image, position) VALUES ('bundles', 'Nail Bundles & Sets', 'Buy more, save more.', 'SparklingGemsCollection_NailMenu.webp', 6);
INSERT INTO collections (handle, title, description, image, position) VALUES ('accessories-bundles', 'Nail Accessories Bundles', 'Everything you need to apply and remove, bundled.', '2023_03_Brush-On-Nail-Glue_HighRes_1.jpg', 7);
INSERT INTO collections (handle, title, description, image, position) VALUES ('sparkling-gems', 'Sparkling Gems', 'Jewel-toned press-on nails.', '2026_07_SparklingGems_HP_DesktopGeneral.webp', 8);
INSERT INTO collections (handle, title, description, image, position) VALUES ('sandal-season', 'Sandal Season', 'Summer-ready shades for fingers and toes.', '2026_06_SandalSeason_HP_Desktop.webp', 9);
INSERT INTO collections (handle, title, description, image, position) VALUES ('glam-icons', 'Glam Icons', 'New shapes. More styles to love.', '2026_06_GlamIcons_HP_Desktop_1.webp', 10);
INSERT INTO collections (handle, title, description, image, position) VALUES ('euro-summer', 'Euro Summer', 'Sun-soaked summer shades.', '2026_04_EuroSummer_HPWidget_US.webp', 11);
INSERT INTO collections (handle, title, description, image, position) VALUES ('french', 'French Tips', 'Timeless French manicures.', 'LaPerle_1.webp', 12);
INSERT INTO collections (handle, title, description, image, position) VALUES ('nail-collabs', 'Nail Collabs', 'Limited-edition collaborations.', '2026_06_Glamzilla_HP_Desktop.webp', 13);
INSERT INTO collections (handle, title, description, image, position) VALUES ('glamzilla', 'LynxiGlam x Glamzilla', 'GLAMSQUAD FOREVER — by the squad, for the squad.', '2026_06_Glamzilla_HP_Desktop.webp', 14);
INSERT INTO collections (handle, title, description, image, position) VALUES ('harry-potter', 'Harry Potter™ x LynxiGlam', 'Cast a spell with the Wizarding World collection.', 'Obsidian_1.webp', 15);
INSERT INTO collections (handle, title, description, image, position) VALUES ('hello-kitty', 'Hello Kitty® and Friends', 'Supercute press-on nails with Hello Kitty and Friends.', 'Moonstone-1.webp', 16);
INSERT INTO collections (handle, title, description, image, position) VALUES ('fanatics', 'LynxiGlam x Fanatics', 'Rep your team in style.', 'MysticTopaz_1.webp', 17);
INSERT INTO collections (handle, title, description, image, position) VALUES ('quick-press-mani', 'Quick Press Mani', 'Our fastest mani yet.', 'LynxiGlam_QuickPressMani_Homepage_CategoryModule.webp', 18);
INSERT INTO collections (handle, title, description, image, position) VALUES ('accessories', 'Nail Accessories', 'Glue, removers and tools.', 'SHOP_ACCESSORIE.png', 19);
INSERT INTO collections (handle, title, description, image, position) VALUES ('all-lashes', 'Lashes & Liner', 'Reusable magnetic lashes and liners.', 'Magnetic_Lashes.jpg', 20);
INSERT INTO collections (handle, title, description, image, position) VALUES ('magnetic-lashes', 'Magnetic Lashes', 'Reusable magnetic lashes — no glue needed.', 'Lashes_1.webp', 21);
INSERT INTO collections (handle, title, description, image, position) VALUES ('magnetic-liners', 'Magnetic Liners', 'The liner that holds your lashes all day.', '2023_10_RebrandedLinerPDP_MagneticLiquidLiner_1.jpg', 22);
INSERT INTO collections (handle, title, description, image, position) VALUES ('best-selling-lashes', 'Best Selling Lashes', 'Our most-loved lashes and liners.', 'Lashes_3.webp', 23);

INSERT INTO products (id, handle, title, shape, price_cents, compare_at_price_cents, currency, rating, review_count, hover_image, video, badge, description, available, stock_quantity, featured_position, created_at) VALUES ('p-la-perle', 'la-perle', 'La Perle', 'Short Squoval', 1799, NULL, 'USD', 4.7, 192, 'LaPerle_2.webp', 'la-perle-1.mp4', NULL, 'Glazed white French tips on a sheer nude base. Reusable press-on nails that go on in minutes and last up to two weeks. Each set includes 30 nails, nail glue, a nail file, cuticle stick and alcohol pad — everything you need for a salon-quality manicure at home.', TRUE, NULL, 0, '2026-03-01T00:00:00Z');
INSERT INTO product_images (product_id, url, position) VALUES ('p-la-perle', 'LaPerle_1.webp', 0);
INSERT INTO product_images (product_id, url, position) VALUES ('p-la-perle', 'LaPerle_2.webp', 1);
INSERT INTO product_images (product_id, url, position) VALUES ('p-la-perle', 'LaPerle_3.webp', 2);
INSERT INTO product_images (product_id, url, position) VALUES ('p-la-perle', 'LaPerle_4.webp', 3);
INSERT INTO product_images (product_id, url, position) VALUES ('p-la-perle', 'LaPerle_5.webp', 4);
INSERT INTO product_images (product_id, url, position) VALUES ('p-la-perle', 'LaPerle_6.webp', 5);
INSERT INTO product_images (product_id, url, position) VALUES ('p-la-perle', 'LaPerle_7.webp', 6);
INSERT INTO product_tags (product_id, tag) VALUES ('p-la-perle', 'french');
INSERT INTO product_tags (product_id, tag) VALUES ('p-la-perle', 'nude');
INSERT INTO product_tags (product_id, tag) VALUES ('p-la-perle', 'short');
INSERT INTO product_collections (product_id, collection_handle, position) VALUES ('p-la-perle', 'all', 0);
INSERT INTO product_collections (product_id, collection_handle, position) VALUES ('p-la-perle', 'all-nails', 0);
INSERT INTO product_collections (product_id, collection_handle, position) VALUES ('p-la-perle', 'press-on-nails', 0);
INSERT INTO product_collections (product_id, collection_handle, position) VALUES ('p-la-perle', 'best-sellers', 0);
INSERT INTO product_collections (product_id, collection_handle, position) VALUES ('p-la-perle', 'french', 0);
INSERT INTO products (id, handle, title, shape, price_cents, compare_at_price_cents, currency, rating, review_count, hover_image, video, badge, description, available, stock_quantity, featured_position, created_at) VALUES ('p-citrus-coast', 'citrus-coast', 'Citrus Coast', 'Short Oval', 2199, NULL, 'USD', 5, 84, 'CitrusCoast_2.webp', 'la-perle-2.mp4', NULL, 'Reusable press-on nails that go on in minutes and last up to two weeks. Each set includes 30 nails, nail glue, a nail file, cuticle stick and alcohol pad — everything you need for a salon-quality manicure at home.', TRUE, NULL, 1, '2026-06-10T00:00:00Z');
INSERT INTO product_images (product_id, url, position) VALUES ('p-citrus-coast', 'CitrusCoast_1.webp', 0);
INSERT INTO product_images (product_id, url, position) VALUES ('p-citrus-coast', 'CitrusCoast_2.webp', 1);
INSERT INTO product_tags (product_id, tag) VALUES ('p-citrus-coast', 'summer');
INSERT INTO product_tags (product_id, tag) VALUES ('p-citrus-coast', 'colorful');
INSERT INTO product_tags (product_id, tag) VALUES ('p-citrus-coast', 'short');
INSERT INTO product_collections (product_id, collection_handle, position) VALUES ('p-citrus-coast', 'all', 1);
INSERT INTO product_collections (product_id, collection_handle, position) VALUES ('p-citrus-coast', 'all-nails', 1);
INSERT INTO product_collections (product_id, collection_handle, position) VALUES ('p-citrus-coast', 'press-on-nails', 1);
INSERT INTO product_collections (product_id, collection_handle, position) VALUES ('p-citrus-coast', 'best-sellers', 1);
INSERT INTO product_collections (product_id, collection_handle, position) VALUES ('p-citrus-coast', 'euro-summer', 0);
INSERT INTO product_collections (product_id, collection_handle, position) VALUES ('p-citrus-coast', 'sandal-season', 0);
INSERT INTO product_collections (product_id, collection_handle, position) VALUES ('p-citrus-coast', 'glamzilla', 0);
INSERT INTO products (id, handle, title, shape, price_cents, compare_at_price_cents, currency, rating, review_count, hover_image, video, badge, description, available, stock_quantity, featured_position, created_at) VALUES ('p-salty-waves', 'salty-waves', 'Salty Waves', 'Short Almond', 2199, NULL, 'USD', 4.8, 120, 'SaltyWaves_2.webp', 'la-perle-3.mp4', NULL, 'Reusable press-on nails that go on in minutes and last up to two weeks. Each set includes 30 nails, nail glue, a nail file, cuticle stick and alcohol pad — everything you need for a salon-quality manicure at home.', TRUE, NULL, 2, '2026-06-05T00:00:00Z');
INSERT INTO product_images (product_id, url, position) VALUES ('p-salty-waves', 'SaltyWaves_1.webp', 0);
INSERT INTO product_images (product_id, url, position) VALUES ('p-salty-waves', 'SaltyWaves_2.webp', 1);
INSERT INTO product_tags (product_id, tag) VALUES ('p-salty-waves', 'summer');
INSERT INTO product_tags (product_id, tag) VALUES ('p-salty-waves', 'almond');
INSERT INTO product_collections (product_id, collection_handle, position) VALUES ('p-salty-waves', 'all', 2);
INSERT INTO product_collections (product_id, collection_handle, position) VALUES ('p-salty-waves', 'all-nails', 2);
INSERT INTO product_collections (product_id, collection_handle, position) VALUES ('p-salty-waves', 'press-on-nails', 2);
INSERT INTO product_collections (product_id, collection_handle, position) VALUES ('p-salty-waves', 'best-sellers', 2);
INSERT INTO product_collections (product_id, collection_handle, position) VALUES ('p-salty-waves', 'euro-summer', 1);
INSERT INTO product_collections (product_id, collection_handle, position) VALUES ('p-salty-waves', 'sandal-season', 1);
INSERT INTO product_collections (product_id, collection_handle, position) VALUES ('p-salty-waves', 'harry-potter', 0);
INSERT INTO products (id, handle, title, shape, price_cents, compare_at_price_cents, currency, rating, review_count, hover_image, video, badge, description, available, stock_quantity, featured_position, created_at) VALUES ('p-pinch-me', 'pinch-me', 'Pinch Me', 'Short Oval', 1999, NULL, 'USD', 4.8, 96, 'PinchMe_1.webp', 'la-perle-4.mp4', NULL, 'Reusable press-on nails that go on in minutes and last up to two weeks. Each set includes 30 nails, nail glue, a nail file, cuticle stick and alcohol pad — everything you need for a salon-quality manicure at home.', TRUE, NULL, 3, '2026-05-20T00:00:00Z');
INSERT INTO product_images (product_id, url, position) VALUES ('p-pinch-me', 'PinchMe_6.webp', 0);
INSERT INTO product_images (product_id, url, position) VALUES ('p-pinch-me', 'PinchMe_1.webp', 1);
INSERT INTO product_tags (product_id, tag) VALUES ('p-pinch-me', 'nude');
INSERT INTO product_tags (product_id, tag) VALUES ('p-pinch-me', 'short');
INSERT INTO product_collections (product_id, collection_handle, position) VALUES ('p-pinch-me', 'all', 3);
INSERT INTO product_collections (product_id, collection_handle, position) VALUES ('p-pinch-me', 'all-nails', 3);
INSERT INTO product_collections (product_id, collection_handle, position) VALUES ('p-pinch-me', 'press-on-nails', 3);
INSERT INTO product_collections (product_id, collection_handle, position) VALUES ('p-pinch-me', 'best-sellers', 3);
INSERT INTO products (id, handle, title, shape, price_cents, compare_at_price_cents, currency, rating, review_count, hover_image, video, badge, description, available, stock_quantity, featured_position, created_at) VALUES ('p-seaspell', 'seaspell', 'Seaspell', 'Short Almond', 1799, NULL, 'USD', 4.7, 61, 'Seaspell_2.webp', NULL, NULL, 'Reusable press-on nails that go on in minutes and last up to two weeks. Each set includes 30 nails, nail glue, a nail file, cuticle stick and alcohol pad — everything you need for a salon-quality manicure at home.', TRUE, NULL, 4, '2026-05-12T00:00:00Z');
INSERT INTO product_images (product_id, url, position) VALUES ('p-seaspell', 'Seaspell_1.webp', 0);
INSERT INTO product_images (product_id, url, position) VALUES ('p-seaspell', 'Seaspell_2.webp', 1);
INSERT INTO product_tags (product_id, tag) VALUES ('p-seaspell', 'almond');
INSERT INTO product_collections (product_id, collection_handle, position) VALUES ('p-seaspell', 'all', 4);
INSERT INTO product_collections (product_id, collection_handle, position) VALUES ('p-seaspell', 'all-nails', 4);
INSERT INTO product_collections (product_id, collection_handle, position) VALUES ('p-seaspell', 'press-on-nails', 4);
INSERT INTO product_collections (product_id, collection_handle, position) VALUES ('p-seaspell', 'best-sellers', 4);
INSERT INTO products (id, handle, title, shape, price_cents, compare_at_price_cents, currency, rating, review_count, hover_image, video, badge, description, available, stock_quantity, featured_position, created_at) VALUES ('p-summer-fresco', 'summer-fresco', 'Summer Fresco', 'Medium Almond', 1999, NULL, 'USD', 4.7, 45, 'EuroSummerPDP_SummerFresco_2.webp', NULL, NULL, 'Reusable press-on nails that go on in minutes and last up to two weeks. Each set includes 30 nails, nail glue, a nail file, cuticle stick and alcohol pad — everything you need for a salon-quality manicure at home.', TRUE, NULL, 5, '2026-06-18T00:00:00Z');
INSERT INTO product_images (product_id, url, position) VALUES ('p-summer-fresco', 'EuroSummerPDP_SummerFresco_1.webp', 0);
INSERT INTO product_images (product_id, url, position) VALUES ('p-summer-fresco', 'EuroSummerPDP_SummerFresco_2.webp', 1);
INSERT INTO product_tags (product_id, tag) VALUES ('p-summer-fresco', 'summer');
INSERT INTO product_tags (product_id, tag) VALUES ('p-summer-fresco', 'almond');
INSERT INTO product_collections (product_id, collection_handle, position) VALUES ('p-summer-fresco', 'all', 5);
INSERT INTO product_collections (product_id, collection_handle, position) VALUES ('p-summer-fresco', 'all-nails', 5);
INSERT INTO product_collections (product_id, collection_handle, position) VALUES ('p-summer-fresco', 'press-on-nails', 5);
INSERT INTO product_collections (product_id, collection_handle, position) VALUES ('p-summer-fresco', 'best-sellers', 5);
INSERT INTO product_collections (product_id, collection_handle, position) VALUES ('p-summer-fresco', 'euro-summer', 2);
INSERT INTO products (id, handle, title, shape, price_cents, compare_at_price_cents, currency, rating, review_count, hover_image, video, badge, description, available, stock_quantity, featured_position, created_at) VALUES ('p-aperitivo-hour', 'aperitivo-hour', 'Aperitivo Hour', 'Short Oval', 2199, NULL, 'USD', 4.8, 73, 'AperitivoHour_2.webp', NULL, NULL, 'Reusable press-on nails that go on in minutes and last up to two weeks. Each set includes 30 nails, nail glue, a nail file, cuticle stick and alcohol pad — everything you need for a salon-quality manicure at home.', TRUE, NULL, 6, '2026-06-15T00:00:00Z');
INSERT INTO product_images (product_id, url, position) VALUES ('p-aperitivo-hour', 'AperitivoHour_1.webp', 0);
INSERT INTO product_images (product_id, url, position) VALUES ('p-aperitivo-hour', 'AperitivoHour_2.webp', 1);
INSERT INTO product_tags (product_id, tag) VALUES ('p-aperitivo-hour', 'summer');
INSERT INTO product_tags (product_id, tag) VALUES ('p-aperitivo-hour', 'short');
INSERT INTO product_collections (product_id, collection_handle, position) VALUES ('p-aperitivo-hour', 'all', 6);
INSERT INTO product_collections (product_id, collection_handle, position) VALUES ('p-aperitivo-hour', 'all-nails', 6);
INSERT INTO product_collections (product_id, collection_handle, position) VALUES ('p-aperitivo-hour', 'press-on-nails', 6);
INSERT INTO product_collections (product_id, collection_handle, position) VALUES ('p-aperitivo-hour', 'best-sellers', 6);
INSERT INTO product_collections (product_id, collection_handle, position) VALUES ('p-aperitivo-hour', 'euro-summer', 3);
INSERT INTO products (id, handle, title, shape, price_cents, compare_at_price_cents, currency, rating, review_count, hover_image, video, badge, description, available, stock_quantity, featured_position, created_at) VALUES ('p-berry-fizz', 'berry-fizz', 'Berry Fizz', 'Short Squoval', 1799, NULL, 'USD', 4.9, 58, NULL, NULL, NULL, 'Reusable press-on nails that go on in minutes and last up to two weeks. Each set includes 30 nails, nail glue, a nail file, cuticle stick and alcohol pad — everything you need for a salon-quality manicure at home.', TRUE, NULL, 7, '2026-02-20T00:00:00Z');
INSERT INTO product_images (product_id, url, position) VALUES ('p-berry-fizz', '2026_03_IndividualPDPUpdates_Batch3_BerryFizzUGC.webp', 0);
INSERT INTO product_tags (product_id, tag) VALUES ('p-berry-fizz', 'berry');
INSERT INTO product_tags (product_id, tag) VALUES ('p-berry-fizz', 'short');
INSERT INTO product_collections (product_id, collection_handle, position) VALUES ('p-berry-fizz', 'all', 7);
INSERT INTO product_collections (product_id, collection_handle, position) VALUES ('p-berry-fizz', 'all-nails', 7);
INSERT INTO product_collections (product_id, collection_handle, position) VALUES ('p-berry-fizz', 'press-on-nails', 7);
INSERT INTO product_collections (product_id, collection_handle, position) VALUES ('p-berry-fizz', 'best-sellers', 7);
INSERT INTO products (id, handle, title, shape, price_cents, compare_at_price_cents, currency, rating, review_count, hover_image, video, badge, description, available, stock_quantity, featured_position, created_at) VALUES ('p-sparkling-gems-collection', 'sparkling-gems-collection', 'Sparkling Gems Collection', 'Full Collection Bundle', 26447, 37782, 'USD', 4.9, 34, 'Sparkling_Gems_Collection_UGC.webp', NULL, 'NEW', 'The complete Sparkling Gems bundle — every jewel-toned set in one collection. Reusable press-on nails that go on in minutes and last up to two weeks. Each set includes 30 nails, nail glue, a nail file, cuticle stick and alcohol pad — everything you need for a salon-quality manicure at home.', TRUE, NULL, 8, '2026-07-01T00:00:00Z');
INSERT INTO product_images (product_id, url, position) VALUES ('p-sparkling-gems-collection', 'SparklingGemsCollection_NailMenu.webp', 0);
INSERT INTO product_images (product_id, url, position) VALUES ('p-sparkling-gems-collection', 'Sparkling_Gems_Collection_UGC.webp', 1);
INSERT INTO product_tags (product_id, tag) VALUES ('p-sparkling-gems-collection', 'bundle');
INSERT INTO product_tags (product_id, tag) VALUES ('p-sparkling-gems-collection', 'new');
INSERT INTO product_tags (product_id, tag) VALUES ('p-sparkling-gems-collection', 'gems');
INSERT INTO product_collections (product_id, collection_handle, position) VALUES ('p-sparkling-gems-collection', 'all', 8);
INSERT INTO product_collections (product_id, collection_handle, position) VALUES ('p-sparkling-gems-collection', 'all-nails', 8);
INSERT INTO product_collections (product_id, collection_handle, position) VALUES ('p-sparkling-gems-collection', 'press-on-nails', 8);
INSERT INTO product_collections (product_id, collection_handle, position) VALUES ('p-sparkling-gems-collection', 'new', 0);
INSERT INTO product_collections (product_id, collection_handle, position) VALUES ('p-sparkling-gems-collection', 'bundles', 0);
INSERT INTO product_collections (product_id, collection_handle, position) VALUES ('p-sparkling-gems-collection', 'sparkling-gems', 0);
INSERT INTO product_collections (product_id, collection_handle, position) VALUES ('p-sparkling-gems-collection', 'fanatics', 0);
INSERT INTO product_collections (product_id, collection_handle, position) VALUES ('p-sparkling-gems-collection', 'hello-kitty', 0);
INSERT INTO products (id, handle, title, shape, price_cents, compare_at_price_cents, currency, rating, review_count, hover_image, video, badge, description, available, stock_quantity, featured_position, created_at) VALUES ('p-moonstone', 'moonstone', 'Moonstone', 'Short Almond', 2199, NULL, 'USD', 4.8, 40, NULL, NULL, 'NEW', 'Reusable press-on nails that go on in minutes and last up to two weeks. Each set includes 30 nails, nail glue, a nail file, cuticle stick and alcohol pad — everything you need for a salon-quality manicure at home.', TRUE, NULL, 9, '2026-07-02T00:00:00Z');
INSERT INTO product_images (product_id, url, position) VALUES ('p-moonstone', 'Moonstone-1.webp', 0);
INSERT INTO product_tags (product_id, tag) VALUES ('p-moonstone', 'new');
INSERT INTO product_tags (product_id, tag) VALUES ('p-moonstone', 'gems');
INSERT INTO product_tags (product_id, tag) VALUES ('p-moonstone', 'almond');
INSERT INTO product_collections (product_id, collection_handle, position) VALUES ('p-moonstone', 'all', 9);
INSERT INTO product_collections (product_id, collection_handle, position) VALUES ('p-moonstone', 'all-nails', 9);
INSERT INTO product_collections (product_id, collection_handle, position) VALUES ('p-moonstone', 'press-on-nails', 9);
INSERT INTO product_collections (product_id, collection_handle, position) VALUES ('p-moonstone', 'new', 1);
INSERT INTO product_collections (product_id, collection_handle, position) VALUES ('p-moonstone', 'sparkling-gems', 1);
INSERT INTO product_collections (product_id, collection_handle, position) VALUES ('p-moonstone', 'glam-icons', 0);
INSERT INTO product_collections (product_id, collection_handle, position) VALUES ('p-moonstone', 'hello-kitty', 1);
INSERT INTO products (id, handle, title, shape, price_cents, compare_at_price_cents, currency, rating, review_count, hover_image, video, badge, description, available, stock_quantity, featured_position, created_at) VALUES ('p-mystic-topaz', 'mystic-topaz', 'Mystic Topaz', 'Medium Oval', 1999, NULL, 'USD', 4.8, 38, NULL, NULL, 'NEW', 'Reusable press-on nails that go on in minutes and last up to two weeks. Each set includes 30 nails, nail glue, a nail file, cuticle stick and alcohol pad — everything you need for a salon-quality manicure at home.', TRUE, NULL, 10, '2026-07-02T00:00:00Z');
INSERT INTO product_images (product_id, url, position) VALUES ('p-mystic-topaz', 'MysticTopaz_1.webp', 0);
INSERT INTO product_tags (product_id, tag) VALUES ('p-mystic-topaz', 'new');
INSERT INTO product_tags (product_id, tag) VALUES ('p-mystic-topaz', 'gems');
INSERT INTO product_collections (product_id, collection_handle, position) VALUES ('p-mystic-topaz', 'all', 10);
INSERT INTO product_collections (product_id, collection_handle, position) VALUES ('p-mystic-topaz', 'all-nails', 10);
INSERT INTO product_collections (product_id, collection_handle, position) VALUES ('p-mystic-topaz', 'press-on-nails', 10);
INSERT INTO product_collections (product_id, collection_handle, position) VALUES ('p-mystic-topaz', 'new', 2);
INSERT INTO product_collections (product_id, collection_handle, position) VALUES ('p-mystic-topaz', 'sparkling-gems', 2);
INSERT INTO product_collections (product_id, collection_handle, position) VALUES ('p-mystic-topaz', 'glam-icons', 1);
INSERT INTO product_collections (product_id, collection_handle, position) VALUES ('p-mystic-topaz', 'fanatics', 1);
INSERT INTO products (id, handle, title, shape, price_cents, compare_at_price_cents, currency, rating, review_count, hover_image, video, badge, description, available, stock_quantity, featured_position, created_at) VALUES ('p-aquamarine', 'aquamarine', 'Aquamarine', 'Short Oval', 2199, NULL, 'USD', 4.7, 29, NULL, NULL, 'NEW', 'Reusable press-on nails that go on in minutes and last up to two weeks. Each set includes 30 nails, nail glue, a nail file, cuticle stick and alcohol pad — everything you need for a salon-quality manicure at home.', TRUE, NULL, 11, '2026-07-03T00:00:00Z');
INSERT INTO product_images (product_id, url, position) VALUES ('p-aquamarine', 'Aquamarine-1.webp', 0);
INSERT INTO product_tags (product_id, tag) VALUES ('p-aquamarine', 'new');
INSERT INTO product_tags (product_id, tag) VALUES ('p-aquamarine', 'gems');
INSERT INTO product_collections (product_id, collection_handle, position) VALUES ('p-aquamarine', 'all', 11);
INSERT INTO product_collections (product_id, collection_handle, position) VALUES ('p-aquamarine', 'all-nails', 11);
INSERT INTO product_collections (product_id, collection_handle, position) VALUES ('p-aquamarine', 'press-on-nails', 11);
INSERT INTO product_collections (product_id, collection_handle, position) VALUES ('p-aquamarine', 'new', 3);
INSERT INTO product_collections (product_id, collection_handle, position) VALUES ('p-aquamarine', 'sparkling-gems', 3);
INSERT INTO product_collections (product_id, collection_handle, position) VALUES ('p-aquamarine', 'glam-icons', 2);
INSERT INTO products (id, handle, title, shape, price_cents, compare_at_price_cents, currency, rating, review_count, hover_image, video, badge, description, available, stock_quantity, featured_position, created_at) VALUES ('p-mystic-energy', 'mystic-energy', 'Mystic Energy', 'Bundle', 5577, 6197, 'USD', 4.8, 22, 'MysticEnergy_UGC.webp', NULL, NULL, 'Reusable press-on nails that go on in minutes and last up to two weeks. Each set includes 30 nails, nail glue, a nail file, cuticle stick and alcohol pad — everything you need for a salon-quality manicure at home.', TRUE, NULL, 12, '2026-06-25T00:00:00Z');
INSERT INTO product_images (product_id, url, position) VALUES ('p-mystic-energy', 'MysticEnergy_NailMenu.webp', 0);
INSERT INTO product_images (product_id, url, position) VALUES ('p-mystic-energy', 'MysticEnergy_UGC.webp', 1);
INSERT INTO product_tags (product_id, tag) VALUES ('p-mystic-energy', 'bundle');
INSERT INTO product_tags (product_id, tag) VALUES ('p-mystic-energy', 'gems');
INSERT INTO product_collections (product_id, collection_handle, position) VALUES ('p-mystic-energy', 'all', 12);
INSERT INTO product_collections (product_id, collection_handle, position) VALUES ('p-mystic-energy', 'all-nails', 12);
INSERT INTO product_collections (product_id, collection_handle, position) VALUES ('p-mystic-energy', 'press-on-nails', 12);
INSERT INTO product_collections (product_id, collection_handle, position) VALUES ('p-mystic-energy', 'bundles', 1);
INSERT INTO products (id, handle, title, shape, price_cents, compare_at_price_cents, currency, rating, review_count, hover_image, video, badge, description, available, stock_quantity, featured_position, created_at) VALUES ('p-sapphire', 'sapphire', 'Sapphire', 'Short Almond', 2199, NULL, 'USD', 4.8, 51, NULL, NULL, NULL, 'Reusable press-on nails that go on in minutes and last up to two weeks. Each set includes 30 nails, nail glue, a nail file, cuticle stick and alcohol pad — everything you need for a salon-quality manicure at home.', TRUE, NULL, 13, '2026-05-30T00:00:00Z');
INSERT INTO product_images (product_id, url, position) VALUES ('p-sapphire', 'Sapphire_1_1.webp', 0);
INSERT INTO product_tags (product_id, tag) VALUES ('p-sapphire', 'gems');
INSERT INTO product_tags (product_id, tag) VALUES ('p-sapphire', 'almond');
INSERT INTO product_collections (product_id, collection_handle, position) VALUES ('p-sapphire', 'all', 13);
INSERT INTO product_collections (product_id, collection_handle, position) VALUES ('p-sapphire', 'all-nails', 13);
INSERT INTO product_collections (product_id, collection_handle, position) VALUES ('p-sapphire', 'press-on-nails', 13);
INSERT INTO product_collections (product_id, collection_handle, position) VALUES ('p-sapphire', 'sparkling-gems', 4);
INSERT INTO products (id, handle, title, shape, price_cents, compare_at_price_cents, currency, rating, review_count, hover_image, video, badge, description, available, stock_quantity, featured_position, created_at) VALUES ('p-obsidian', 'obsidian', 'Obsidian', 'Bundle', 18472, 26388, 'USD', 4.9, 27, NULL, NULL, NULL, 'Reusable press-on nails that go on in minutes and last up to two weeks. Each set includes 30 nails, nail glue, a nail file, cuticle stick and alcohol pad — everything you need for a salon-quality manicure at home.', TRUE, NULL, 14, '2026-06-01T00:00:00Z');
INSERT INTO product_images (product_id, url, position) VALUES ('p-obsidian', 'Obsidian_1.webp', 0);
INSERT INTO product_tags (product_id, tag) VALUES ('p-obsidian', 'bundle');
INSERT INTO product_tags (product_id, tag) VALUES ('p-obsidian', 'gems');
INSERT INTO product_collections (product_id, collection_handle, position) VALUES ('p-obsidian', 'all', 14);
INSERT INTO product_collections (product_id, collection_handle, position) VALUES ('p-obsidian', 'all-nails', 14);
INSERT INTO product_collections (product_id, collection_handle, position) VALUES ('p-obsidian', 'press-on-nails', 14);
INSERT INTO product_collections (product_id, collection_handle, position) VALUES ('p-obsidian', 'bundles', 2);
INSERT INTO product_collections (product_id, collection_handle, position) VALUES ('p-obsidian', 'glamzilla', 1);
INSERT INTO product_collections (product_id, collection_handle, position) VALUES ('p-obsidian', 'harry-potter', 1);
INSERT INTO products (id, handle, title, shape, price_cents, compare_at_price_cents, currency, rating, review_count, hover_image, video, badge, description, available, stock_quantity, featured_position, created_at) VALUES ('p-3d-jewel-stack', '3d-jewel-stack', '3D Jewel Stack', 'Short Coffin', 2199, NULL, 'USD', 4.7, 33, '3DJewelStack_UGC.webp', NULL, NULL, 'Reusable press-on nails that go on in minutes and last up to two weeks. Each set includes 30 nails, nail glue, a nail file, cuticle stick and alcohol pad — everything you need for a salon-quality manicure at home.', TRUE, NULL, 15, '2026-04-10T00:00:00Z');
INSERT INTO product_images (product_id, url, position) VALUES ('p-3d-jewel-stack', '3DJewelStack_NailMenu.webp', 0);
INSERT INTO product_images (product_id, url, position) VALUES ('p-3d-jewel-stack', '3DJewelStack_UGC.webp', 1);
INSERT INTO product_tags (product_id, tag) VALUES ('p-3d-jewel-stack', 'gems');
INSERT INTO product_tags (product_id, tag) VALUES ('p-3d-jewel-stack', 'coffin');
INSERT INTO product_collections (product_id, collection_handle, position) VALUES ('p-3d-jewel-stack', 'all', 15);
INSERT INTO product_collections (product_id, collection_handle, position) VALUES ('p-3d-jewel-stack', 'all-nails', 15);
INSERT INTO product_collections (product_id, collection_handle, position) VALUES ('p-3d-jewel-stack', 'press-on-nails', 15);
INSERT INTO product_collections (product_id, collection_handle, position) VALUES ('p-3d-jewel-stack', 'glamzilla', 2);
INSERT INTO products (id, handle, title, shape, price_cents, compare_at_price_cents, currency, rating, review_count, hover_image, video, badge, description, available, stock_quantity, featured_position, created_at) VALUES ('a-brush-on-nail-glue', 'brush-on-nail-glue', 'Brush-On Nail Glue', 'Nail Adhesive', 999, NULL, 'USD', 4.9, 210, NULL, NULL, NULL, 'A LynxiGlam essential for a flawless, long-lasting press-on manicure at home.', TRUE, NULL, 16, '2023-03-01T00:00:00Z');
INSERT INTO product_images (product_id, url, position) VALUES ('a-brush-on-nail-glue', '2023_03_Brush-On-Nail-Glue_HighRes_1.jpg', 0);
INSERT INTO product_tags (product_id, tag) VALUES ('a-brush-on-nail-glue', 'accessory');
INSERT INTO product_tags (product_id, tag) VALUES ('a-brush-on-nail-glue', 'glue');
INSERT INTO product_collections (product_id, collection_handle, position) VALUES ('a-brush-on-nail-glue', 'all', 16);
INSERT INTO product_collections (product_id, collection_handle, position) VALUES ('a-brush-on-nail-glue', 'accessories', 0);
INSERT INTO product_collections (product_id, collection_handle, position) VALUES ('a-brush-on-nail-glue', 'accessories-bundles', 0);
INSERT INTO products (id, handle, title, shape, price_cents, compare_at_price_cents, currency, rating, review_count, hover_image, video, badge, description, available, stock_quantity, featured_position, created_at) VALUES ('a-2in1-cuticle-oil', '2-in-1-cuticle-oil', '2-in-1 Cuticle Oil + Tool', 'Nail Care', 1499, NULL, 'USD', 4.8, 156, NULL, NULL, NULL, 'A LynxiGlam essential for a flawless, long-lasting press-on manicure at home.', TRUE, NULL, 17, '2022-11-01T00:00:00Z');
INSERT INTO product_images (product_id, url, position) VALUES ('a-2in1-cuticle-oil', '2022_11_2In1CuticleOilTool_WebOpt_1.jpg', 0);
INSERT INTO product_tags (product_id, tag) VALUES ('a-2in1-cuticle-oil', 'accessory');
INSERT INTO product_tags (product_id, tag) VALUES ('a-2in1-cuticle-oil', 'care');
INSERT INTO product_collections (product_id, collection_handle, position) VALUES ('a-2in1-cuticle-oil', 'all', 17);
INSERT INTO product_collections (product_id, collection_handle, position) VALUES ('a-2in1-cuticle-oil', 'accessories', 1);
INSERT INTO products (id, handle, title, shape, price_cents, compare_at_price_cents, currency, rating, review_count, hover_image, video, badge, description, available, stock_quantity, featured_position, created_at) VALUES ('a-press-on-nail-remover', 'press-on-nail-remover', 'Press-On Nail Remover', 'Nail Care', 1299, NULL, 'USD', 4.8, 98, NULL, NULL, NULL, 'A LynxiGlam essential for a flawless, long-lasting press-on manicure at home.', TRUE, NULL, 18, '2026-03-01T00:00:00Z');
INSERT INTO product_images (product_id, url, position) VALUES ('a-press-on-nail-remover', '2026_03_PressOnNailRemover_New.webp', 0);
INSERT INTO product_tags (product_id, tag) VALUES ('a-press-on-nail-remover', 'accessory');
INSERT INTO product_tags (product_id, tag) VALUES ('a-press-on-nail-remover', 'care');
INSERT INTO product_collections (product_id, collection_handle, position) VALUES ('a-press-on-nail-remover', 'all', 18);
INSERT INTO product_collections (product_id, collection_handle, position) VALUES ('a-press-on-nail-remover', 'accessories', 2);
INSERT INTO products (id, handle, title, shape, price_cents, compare_at_price_cents, currency, rating, review_count, hover_image, video, badge, description, available, stock_quantity, featured_position, created_at) VALUES ('a-adhesive-nail-tabs', 'adhesive-nail-tabs', 'Adhesive Nail Tabs', 'Nail Adhesive', 899, NULL, 'USD', 4.7, 132, NULL, NULL, NULL, 'A LynxiGlam essential for a flawless, long-lasting press-on manicure at home.', TRUE, NULL, 19, '2022-07-01T00:00:00Z');
INSERT INTO product_images (product_id, url, position) VALUES ('a-adhesive-nail-tabs', '2022_07_Nail-Tabs_Web-Opt_2.jpg', 0);
INSERT INTO product_tags (product_id, tag) VALUES ('a-adhesive-nail-tabs', 'accessory');
INSERT INTO product_tags (product_id, tag) VALUES ('a-adhesive-nail-tabs', 'glue');
INSERT INTO product_collections (product_id, collection_handle, position) VALUES ('a-adhesive-nail-tabs', 'all', 19);
INSERT INTO product_collections (product_id, collection_handle, position) VALUES ('a-adhesive-nail-tabs', 'accessories', 3);
INSERT INTO product_collections (product_id, collection_handle, position) VALUES ('a-adhesive-nail-tabs', 'accessories-bundles', 1);
INSERT INTO products (id, handle, title, shape, price_cents, compare_at_price_cents, currency, rating, review_count, hover_image, video, badge, description, available, stock_quantity, featured_position, created_at) VALUES ('a-7in1-nail-buffer', '7-in-1-nail-buffer', '7-in-1 Nail Buffer', 'Nail Tool', 1299, NULL, 'USD', 4.8, 74, NULL, NULL, NULL, 'A LynxiGlam essential for a flawless, long-lasting press-on manicure at home.', TRUE, NULL, 20, '2023-12-01T00:00:00Z');
INSERT INTO product_images (product_id, url, position) VALUES ('a-7in1-nail-buffer', '2023_12_7In1NailBuffer_PDP_1.jpg', 0);
INSERT INTO product_tags (product_id, tag) VALUES ('a-7in1-nail-buffer', 'accessory');
INSERT INTO product_tags (product_id, tag) VALUES ('a-7in1-nail-buffer', 'tool');
INSERT INTO product_collections (product_id, collection_handle, position) VALUES ('a-7in1-nail-buffer', 'all', 20);
INSERT INTO product_collections (product_id, collection_handle, position) VALUES ('a-7in1-nail-buffer', 'accessories', 4);
INSERT INTO products (id, handle, title, shape, price_cents, compare_at_price_cents, currency, rating, review_count, hover_image, video, badge, description, available, stock_quantity, featured_position, created_at) VALUES ('a-handheld-uv-lamp', 'handheld-uv-lamp', 'Handheld UV Lamp', 'Nail Tool', 2499, NULL, 'USD', 4.7, 41, NULL, NULL, NULL, 'A LynxiGlam essential for a flawless, long-lasting press-on manicure at home.', TRUE, NULL, 21, '2025-05-01T00:00:00Z');
INSERT INTO product_images (product_id, url, position) VALUES ('a-handheld-uv-lamp', '2025_05_UVLampPDP_1.jpg', 0);
INSERT INTO product_tags (product_id, tag) VALUES ('a-handheld-uv-lamp', 'accessory');
INSERT INTO product_tags (product_id, tag) VALUES ('a-handheld-uv-lamp', 'tool');
INSERT INTO product_collections (product_id, collection_handle, position) VALUES ('a-handheld-uv-lamp', 'all', 21);
INSERT INTO product_collections (product_id, collection_handle, position) VALUES ('a-handheld-uv-lamp', 'accessories', 5);
INSERT INTO products (id, handle, title, shape, price_cents, compare_at_price_cents, currency, rating, review_count, hover_image, video, badge, description, available, stock_quantity, featured_position, created_at) VALUES ('a-nail-strengthener', 'nail-strengthener', 'Nail Strengthener', 'Nail Care', 1499, NULL, 'USD', 4.8, 63, NULL, NULL, NULL, 'A LynxiGlam essential for a flawless, long-lasting press-on manicure at home.', TRUE, NULL, 22, '2023-04-01T00:00:00Z');
INSERT INTO product_images (product_id, url, position) VALUES ('a-nail-strengthener', '2023_04_Nail-Strengthener_WebOpt_01.jpg', 0);
INSERT INTO product_tags (product_id, tag) VALUES ('a-nail-strengthener', 'accessory');
INSERT INTO product_tags (product_id, tag) VALUES ('a-nail-strengthener', 'care');
INSERT INTO product_collections (product_id, collection_handle, position) VALUES ('a-nail-strengthener', 'all', 22);
INSERT INTO product_collections (product_id, collection_handle, position) VALUES ('a-nail-strengthener', 'accessories', 6);
INSERT INTO products (id, handle, title, shape, price_cents, compare_at_price_cents, currency, rating, review_count, hover_image, video, badge, description, available, stock_quantity, featured_position, created_at) VALUES ('a-nail-decal-tweezers', 'nail-decal-tweezers', 'Nail Decal Tweezers', 'Nail Tool', 999, NULL, 'USD', 4.6, 28, NULL, NULL, NULL, 'A LynxiGlam essential for a flawless, long-lasting press-on manicure at home.', TRUE, NULL, 23, '2025-05-01T00:00:00Z');
INSERT INTO product_images (product_id, url, position) VALUES ('a-nail-decal-tweezers', '2025_05_TweezersPDP_1.jpg', 0);
INSERT INTO product_tags (product_id, tag) VALUES ('a-nail-decal-tweezers', 'accessory');
INSERT INTO product_tags (product_id, tag) VALUES ('a-nail-decal-tweezers', 'tool');
INSERT INTO product_collections (product_id, collection_handle, position) VALUES ('a-nail-decal-tweezers', 'all', 23);
INSERT INTO product_collections (product_id, collection_handle, position) VALUES ('a-nail-decal-tweezers', 'accessories', 7);
INSERT INTO products (id, handle, title, shape, price_cents, compare_at_price_cents, currency, rating, review_count, hover_image, video, badge, description, available, stock_quantity, featured_position, created_at) VALUES ('l-virgo', 'virgo-lashes', 'Virgo', 'Magnetic Lashes', 2299, NULL, 'USD', 4.8, 340, NULL, NULL, NULL, 'Reusable magnetic lashes that apply in seconds with no glue — just pair with a magnetic liner. Wear each pair up to 60 times.', TRUE, NULL, 24, '2025-09-01T00:00:00Z');
INSERT INTO product_images (product_id, url, position) VALUES ('l-virgo', 'Lashes_1.webp', 0);
INSERT INTO product_tags (product_id, tag) VALUES ('l-virgo', 'lashes');
INSERT INTO product_collections (product_id, collection_handle, position) VALUES ('l-virgo', 'all', 24);
INSERT INTO product_collections (product_id, collection_handle, position) VALUES ('l-virgo', 'all-lashes', 0);
INSERT INTO product_collections (product_id, collection_handle, position) VALUES ('l-virgo', 'magnetic-lashes', 0);
INSERT INTO product_collections (product_id, collection_handle, position) VALUES ('l-virgo', 'best-selling-lashes', 0);
INSERT INTO products (id, handle, title, shape, price_cents, compare_at_price_cents, currency, rating, review_count, hover_image, video, badge, description, available, stock_quantity, featured_position, created_at) VALUES ('l-luna', 'luna-lashes', 'Luna', 'Magnetic Lashes', 2299, NULL, 'USD', 4.8, 288, NULL, NULL, NULL, 'Reusable magnetic lashes that apply in seconds with no glue — just pair with a magnetic liner. Wear each pair up to 60 times.', TRUE, NULL, 25, '2025-09-01T00:00:00Z');
INSERT INTO product_images (product_id, url, position) VALUES ('l-luna', 'Lashes_2.webp', 0);
INSERT INTO product_tags (product_id, tag) VALUES ('l-luna', 'lashes');
INSERT INTO product_collections (product_id, collection_handle, position) VALUES ('l-luna', 'all', 25);
INSERT INTO product_collections (product_id, collection_handle, position) VALUES ('l-luna', 'all-lashes', 1);
INSERT INTO product_collections (product_id, collection_handle, position) VALUES ('l-luna', 'magnetic-lashes', 1);
INSERT INTO product_collections (product_id, collection_handle, position) VALUES ('l-luna', 'best-selling-lashes', 1);
INSERT INTO products (id, handle, title, shape, price_cents, compare_at_price_cents, currency, rating, review_count, hover_image, video, badge, description, available, stock_quantity, featured_position, created_at) VALUES ('l-deep-space', 'deep-space-lashes', 'Deep Space', 'Magnetic Lashes', 2499, NULL, 'USD', 4.9, 412, NULL, NULL, NULL, 'Reusable magnetic lashes that apply in seconds with no glue — just pair with a magnetic liner. Wear each pair up to 60 times.', TRUE, NULL, 26, '2025-08-01T00:00:00Z');
INSERT INTO product_images (product_id, url, position) VALUES ('l-deep-space', 'Lashes_3.webp', 0);
INSERT INTO product_tags (product_id, tag) VALUES ('l-deep-space', 'lashes');
INSERT INTO product_collections (product_id, collection_handle, position) VALUES ('l-deep-space', 'all', 26);
INSERT INTO product_collections (product_id, collection_handle, position) VALUES ('l-deep-space', 'all-lashes', 2);
INSERT INTO product_collections (product_id, collection_handle, position) VALUES ('l-deep-space', 'magnetic-lashes', 2);
INSERT INTO product_collections (product_id, collection_handle, position) VALUES ('l-deep-space', 'best-selling-lashes', 2);
INSERT INTO products (id, handle, title, shape, price_cents, compare_at_price_cents, currency, rating, review_count, hover_image, video, badge, description, available, stock_quantity, featured_position, created_at) VALUES ('l-stellar', 'stellar-lashes', 'Stellar', 'Magnetic Lashes', 2299, NULL, 'USD', 4.7, 176, NULL, NULL, NULL, 'Reusable magnetic lashes that apply in seconds with no glue — just pair with a magnetic liner. Wear each pair up to 60 times.', TRUE, NULL, 27, '2025-10-01T00:00:00Z');
INSERT INTO product_images (product_id, url, position) VALUES ('l-stellar', 'Lashes_4.webp', 0);
INSERT INTO product_tags (product_id, tag) VALUES ('l-stellar', 'lashes');
INSERT INTO product_collections (product_id, collection_handle, position) VALUES ('l-stellar', 'all', 27);
INSERT INTO product_collections (product_id, collection_handle, position) VALUES ('l-stellar', 'all-lashes', 3);
INSERT INTO product_collections (product_id, collection_handle, position) VALUES ('l-stellar', 'magnetic-lashes', 3);
INSERT INTO products (id, handle, title, shape, price_cents, compare_at_price_cents, currency, rating, review_count, hover_image, video, badge, description, available, stock_quantity, featured_position, created_at) VALUES ('l-starter-kit', 'magnetic-lash-starter-kit', 'Magnetic Lash Starter Kit', 'Bundle', 3999, 4598, 'USD', 4.9, 520, NULL, NULL, NULL, 'Reusable magnetic lashes that apply in seconds with no glue — just pair with a magnetic liner. Wear each pair up to 60 times.', TRUE, NULL, 28, '2025-07-01T00:00:00Z');
INSERT INTO product_images (product_id, url, position) VALUES ('l-starter-kit', 'Magnetic_Lashes.jpg', 0);
INSERT INTO product_tags (product_id, tag) VALUES ('l-starter-kit', 'lashes');
INSERT INTO product_tags (product_id, tag) VALUES ('l-starter-kit', 'bundle');
INSERT INTO product_collections (product_id, collection_handle, position) VALUES ('l-starter-kit', 'all', 28);
INSERT INTO product_collections (product_id, collection_handle, position) VALUES ('l-starter-kit', 'all-lashes', 4);
INSERT INTO product_collections (product_id, collection_handle, position) VALUES ('l-starter-kit', 'magnetic-lashes', 4);
INSERT INTO product_collections (product_id, collection_handle, position) VALUES ('l-starter-kit', 'bundles', 3);
INSERT INTO products (id, handle, title, shape, price_cents, compare_at_price_cents, currency, rating, review_count, hover_image, video, badge, description, available, stock_quantity, featured_position, created_at) VALUES ('n-magnetic-liquid-eyeliner', 'magnetic-liquid-eyeliner', 'Magnetic Liquid Eyeliner', 'Magnetic Liner', 1999, NULL, 'USD', 4.8, 610, NULL, NULL, NULL, 'The magnetic liner that holds LynxiGlam lashes in place all day. Smudge-proof, easy to apply and easy to remove.', TRUE, NULL, 29, '2023-10-01T00:00:00Z');
INSERT INTO product_images (product_id, url, position) VALUES ('n-magnetic-liquid-eyeliner', '2023_10_RebrandedLinerPDP_MagneticLiquidLiner_1.jpg', 0);
INSERT INTO product_tags (product_id, tag) VALUES ('n-magnetic-liquid-eyeliner', 'liner');
INSERT INTO product_collections (product_id, collection_handle, position) VALUES ('n-magnetic-liquid-eyeliner', 'all', 29);
INSERT INTO product_collections (product_id, collection_handle, position) VALUES ('n-magnetic-liquid-eyeliner', 'all-lashes', 5);
INSERT INTO product_collections (product_id, collection_handle, position) VALUES ('n-magnetic-liquid-eyeliner', 'magnetic-liners', 0);
INSERT INTO product_collections (product_id, collection_handle, position) VALUES ('n-magnetic-liquid-eyeliner', 'best-selling-lashes', 3);
INSERT INTO products (id, handle, title, shape, price_cents, compare_at_price_cents, currency, rating, review_count, hover_image, video, badge, description, available, stock_quantity, featured_position, created_at) VALUES ('n-hybrid-magnetic-liner', 'hybrid-magnetic-liner', 'Hybrid Magnetic Liner', 'Magnetic Liner', 1799, NULL, 'USD', 4.7, 245, NULL, NULL, NULL, 'The magnetic liner that holds LynxiGlam lashes in place all day. Smudge-proof, easy to apply and easy to remove.', TRUE, NULL, 30, '2023-08-01T00:00:00Z');
INSERT INTO product_images (product_id, url, position) VALUES ('n-hybrid-magnetic-liner', '2023_10_RebrandedLinerPDP_HybridLiner.jpg', 0);
INSERT INTO product_tags (product_id, tag) VALUES ('n-hybrid-magnetic-liner', 'liner');
INSERT INTO product_collections (product_id, collection_handle, position) VALUES ('n-hybrid-magnetic-liner', 'all', 30);
INSERT INTO product_collections (product_id, collection_handle, position) VALUES ('n-hybrid-magnetic-liner', 'all-lashes', 6);
INSERT INTO product_collections (product_id, collection_handle, position) VALUES ('n-hybrid-magnetic-liner', 'magnetic-liners', 1);
INSERT INTO products (id, handle, title, shape, price_cents, compare_at_price_cents, currency, rating, review_count, hover_image, video, badge, description, available, stock_quantity, featured_position, created_at) VALUES ('n-magnetic-eyeliner-pen', 'magnetic-eyeliner-pen', 'Magnetic Eyeliner Pen', 'Magnetic Liner', 1899, NULL, 'USD', 4.7, 198, NULL, NULL, NULL, 'The magnetic liner that holds LynxiGlam lashes in place all day. Smudge-proof, easy to apply and easy to remove.', TRUE, NULL, 31, '2023-10-01T00:00:00Z');
INSERT INTO product_images (product_id, url, position) VALUES ('n-magnetic-eyeliner-pen', '2023_10_RebrandedLinerPDP_EyelinerPenBlack_1.jpg', 0);
INSERT INTO product_tags (product_id, tag) VALUES ('n-magnetic-eyeliner-pen', 'liner');
INSERT INTO product_collections (product_id, collection_handle, position) VALUES ('n-magnetic-eyeliner-pen', 'all', 31);
INSERT INTO product_collections (product_id, collection_handle, position) VALUES ('n-magnetic-eyeliner-pen', 'all-lashes', 7);
INSERT INTO product_collections (product_id, collection_handle, position) VALUES ('n-magnetic-eyeliner-pen', 'magnetic-liners', 2);

INSERT INTO reviews (id, product_handle, author, rating, title, body, product_title, product_image, verified, created_at) VALUES ('r1', 'citrus-coast', 'Natalie', 5, 'Yas!', 'These lasted over two weeks and looked amazing. Getting more!', 'Galactic', 'CitrusCoast_1.webp', FALSE, '2026-07-13T05:00:00Z');
INSERT INTO reviews (id, product_handle, author, rating, title, body, product_title, product_image, verified, created_at) VALUES ('r2', 'la-perle', 'Natalie', 5, 'Love these!', 'So chic and easy to wear. I get compliments every time.', 'Oslo', 'LaPerle_1.webp', FALSE, '2026-07-13T05:00:00Z');
INSERT INTO reviews (id, product_handle, author, rating, title, body, product_title, product_image, verified, created_at) VALUES ('r3', 'aperitivo-hour', 'Sunny', 5, 'Fabulous', 'The color is gorgeous and they went on in minutes.', 'Espresso Glow', 'AperitivoHour_1.webp', TRUE, '2026-07-13T04:00:00Z');
INSERT INTO reviews (id, product_handle, author, rating, title, body, product_title, product_image, verified, created_at) VALUES ('r4', 'seaspell', 'Jessica', 5, 'So easy to apply', 'Took me five minutes and they look like a salon set.', 'Seaspell', 'Seaspell_1.webp', TRUE, '2026-07-12T12:00:00Z');
INSERT INTO reviews (id, product_handle, author, rating, title, body, product_title, product_image, verified, created_at) VALUES ('r5', 'salty-waves', 'Maria', 5, 'Obsessed', 'My new go-to. Held up through dishes, work, everything.', 'Salty Waves', 'SaltyWaves_1.webp', TRUE, '2026-07-12T09:00:00Z');
INSERT INTO reviews (id, product_handle, author, rating, title, body, product_title, product_image, verified, created_at) VALUES ('r6', 'moonstone', 'Dana', 5, 'Perfect summer set', 'The prettiest shade for summer. Fit my nails perfectly.', 'Moonstone', 'Moonstone-1.webp', FALSE, '2026-07-11T12:00:00Z');
INSERT INTO reviews (id, product_handle, author, rating, title, body, product_title, product_image, verified, created_at) VALUES ('r7', 'la-perle', 'Priya', 5, 'Salon quality at home', 'Cannot believe these are press-ons. Flawless finish.', 'La Perle', 'LaPerle_2.webp', TRUE, '2026-07-11T08:00:00Z');
INSERT INTO reviews (id, product_handle, author, rating, title, body, product_title, product_image, verified, created_at) VALUES ('r8', 'citrus-coast', 'Chloe', 4, 'Really pretty', 'Beautiful design, took one extra try to size correctly.', 'Citrus Coast', 'CitrusCoast_2.webp', TRUE, '2026-07-10T12:00:00Z');

INSERT INTO pages (slug, title, subtitle) VALUES ('about', 'About LynxiGlam', 'Salon-worthy nails and lashes, minus the salon.');
INSERT INTO page_sections (page_slug, heading, position) VALUES ('about', 'Our Story', 0);
SET @page_section_id = LAST_INSERT_ID();
INSERT INTO page_section_body (section_id, paragraph, position) VALUES (@page_section_id, 'LynxiGlam started with one stubborn idea: getting a flawless set of lashes or nails shouldn''t cost you an afternoon or a fortune. What began as a search for a magnetic lash that actually held led us to reinvent at-home beauty from the ground up.', 0);
INSERT INTO page_section_body (section_id, paragraph, position) VALUES (@page_section_id, 'Today we design press-on nails, magnetic lashes, and quick-press manicures that go on in minutes, wear for weeks, and look like you just left the chair. No appointments, no glue disasters, no compromise.', 1);
INSERT INTO page_sections (page_slug, heading, position) VALUES ('about', 'What We Believe', 1);
SET @page_section_id = LAST_INSERT_ID();
INSERT INTO page_section_body (section_id, paragraph, position) VALUES (@page_section_id, 'Beauty should be fast, forgiving, and fun. Every set is built to be reusable, refill-friendly, and kind to your natural nails and lash line.', 0);
INSERT INTO page_section_body (section_id, paragraph, position) VALUES (@page_section_id, 'We''re proudly certified cruelty-free by Leaping Bunny, and we obsess over the details so you can get ready in ten minutes and feel unstoppable for two weeks.', 1);
INSERT INTO page_sections (page_slug, heading, position) VALUES ('about', 'Made For Everyone', 2);
SET @page_section_id = LAST_INSERT_ID();
INSERT INTO page_section_body (section_id, paragraph, position) VALUES (@page_section_id, 'From a first-timer nervous about their first press-on to the pro who changes their set every week, LynxiGlam is built to fit real life. Hundreds of shapes, lengths, and styles mean there''s a look for every mood.', 0);
INSERT INTO pages (slug, title, subtitle) VALUES ('shipping', 'Shipping Information', 'Everything about how and when your order arrives.');
INSERT INTO page_sections (page_slug, heading, position) VALUES ('shipping', 'Processing Times', 0);
SET @page_section_id = LAST_INSERT_ID();
INSERT INTO page_section_body (section_id, paragraph, position) VALUES (@page_section_id, 'Orders are processed within 1–2 business days. During new launches, holidays, and promotions, processing can take slightly longer, but we always work to get your glam out the door fast.', 0);
INSERT INTO page_section_body (section_id, paragraph, position) VALUES (@page_section_id, 'You''ll receive a confirmation email as soon as your order is placed, and a second email with tracking once it ships.', 1);
INSERT INTO page_sections (page_slug, heading, position) VALUES ('shipping', 'Domestic Shipping', 1);
SET @page_section_id = LAST_INSERT_ID();
INSERT INTO page_section_body (section_id, paragraph, position) VALUES (@page_section_id, 'We offer FREE U.S. economy shipping on orders of $65 or more. Under that, economy shipping is a flat rate calculated at checkout. Expedited and express options are available for when you need your set in a hurry.', 0);
INSERT INTO page_sections (page_slug, heading, position) VALUES ('shipping', 'International Shipping', 2);
SET @page_section_id = LAST_INSERT_ID();
INSERT INTO page_section_body (section_id, paragraph, position) VALUES (@page_section_id, 'We ship to most countries worldwide. International rates and delivery windows are calculated at checkout based on your destination. Please note that duties, taxes, and customs fees are the responsibility of the recipient.', 0);
INSERT INTO faq_items (page_slug, question, answer, position) VALUES ('shipping', 'When will my order ship?', 'Most orders leave our warehouse within 1–2 business days. You''ll get a tracking email the moment it ships.', 0);
INSERT INTO faq_items (page_slug, question, answer, position) VALUES ('shipping', 'Do you offer free shipping?', 'Yes — U.S. orders of $65+ qualify for free economy shipping automatically at checkout.', 1);
INSERT INTO faq_items (page_slug, question, answer, position) VALUES ('shipping', 'How long does delivery take?', 'U.S. economy delivery typically takes 3–7 business days after shipping. International times vary by destination.', 2);
INSERT INTO faq_items (page_slug, question, answer, position) VALUES ('shipping', 'Can I change my shipping address after ordering?', 'Reach out to our Help Center right away. If your order hasn''t shipped yet, we''ll do our best to update it.', 3);
INSERT INTO faq_items (page_slug, question, answer, position) VALUES ('shipping', 'Who pays customs fees on international orders?', 'Any duties, taxes, or customs charges are the responsibility of the recipient and are not included in your order total.', 4);
INSERT INTO pages (slug, title, subtitle) VALUES ('returns', 'Returns & Exchanges', 'Not in love? Here''s how to make it right.');
INSERT INTO page_sections (page_slug, heading, position) VALUES ('returns', 'Our Policy', 0);
SET @page_section_id = LAST_INSERT_ID();
INSERT INTO page_section_body (section_id, paragraph, position) VALUES (@page_section_id, 'We want you to love your set. If something isn''t right, you may request a return or exchange within 30 days of delivery. For hygiene reasons, lashes and nails must be unused, unopened, and in their original packaging.', 0);
INSERT INTO page_section_body (section_id, paragraph, position) VALUES (@page_section_id, 'Final-sale items, mystery bundles, and gift cards are not eligible for return.', 1);
INSERT INTO page_sections (page_slug, heading, position) VALUES ('returns', 'How To Start a Return', 1);
SET @page_section_id = LAST_INSERT_ID();
INSERT INTO page_section_body (section_id, paragraph, position) VALUES (@page_section_id, 'Head to our Help Center and submit a return request with your order number and email. Once approved, we''ll email you a prepaid label and instructions.', 0);
INSERT INTO page_section_body (section_id, paragraph, position) VALUES (@page_section_id, 'Refunds are issued to your original payment method within 5–10 business days after we receive and inspect your return.', 1);
INSERT INTO page_sections (page_slug, heading, position) VALUES ('returns', 'Damaged or Wrong Items', 2);
SET @page_section_id = LAST_INSERT_ID();
INSERT INTO page_section_body (section_id, paragraph, position) VALUES (@page_section_id, 'If your order arrives damaged or you received the wrong item, contact us within 7 days with a photo and we''ll send a replacement at no cost to you.', 0);
INSERT INTO faq_items (page_slug, question, answer, position) VALUES ('returns', 'How long do I have to return an item?', 'You can request a return or exchange within 30 days of your delivery date.', 0);
INSERT INTO faq_items (page_slug, question, answer, position) VALUES ('returns', 'Can I return an opened set?', 'For hygiene reasons, lashes and nails must be unused, unopened, and in original packaging to qualify.', 1);
INSERT INTO faq_items (page_slug, question, answer, position) VALUES ('returns', 'How do I start a return?', 'Submit a request through our Help Center with your order number and email, and we''ll send a prepaid label once approved.', 2);
INSERT INTO faq_items (page_slug, question, answer, position) VALUES ('returns', 'When will I get my refund?', 'Refunds post to your original payment method within 5–10 business days after we receive your return.', 3);
INSERT INTO faq_items (page_slug, question, answer, position) VALUES ('returns', 'What if my order arrived damaged?', 'Contact us within 7 days with a photo and we''ll ship a free replacement.', 4);
INSERT INTO pages (slug, title, subtitle) VALUES ('help', 'Help Center', 'Answers, fast — so you can get back to glam.');
INSERT INTO page_sections (page_slug, heading, position) VALUES ('help', 'Get In Touch', 0);
SET @page_section_id = LAST_INSERT_ID();
INSERT INTO page_section_body (section_id, paragraph, position) VALUES (@page_section_id, 'Our support team is here Monday through Friday, 9am–5pm PT. The fastest way to reach us is through the contact form in this Help Center — include your order number and we''ll get back to you within one business day.', 0);
INSERT INTO page_sections (page_slug, heading, position) VALUES ('help', 'Popular Topics', 1);
SET @page_section_id = LAST_INSERT_ID();
INSERT INTO page_section_body (section_id, paragraph, position) VALUES (@page_section_id, 'Most questions are about order tracking, shipping windows, returns, and application tips. Check the FAQ below or explore our dedicated Shipping, Returns, and How-To Apply pages for step-by-step guidance.', 0);
INSERT INTO faq_items (page_slug, question, answer, position) VALUES ('help', 'How do I contact support?', 'Use the contact form in the Help Center with your order number. We reply within one business day, Monday–Friday.', 0);
INSERT INTO faq_items (page_slug, question, answer, position) VALUES ('help', 'Where''s my order?', 'Visit Track My Order and enter your order number and email to see live status, or check the tracking link in your shipping email.', 1);
INSERT INTO faq_items (page_slug, question, answer, position) VALUES ('help', 'Do you offer discounts?', 'Yes — join LynxiGlam Rewards and the Insider Plus membership for credits, early access, and members-only pricing.', 2);
INSERT INTO faq_items (page_slug, question, answer, position) VALUES ('help', 'Are your products cruelty-free?', 'Absolutely. Every LynxiGlam product is certified cruelty-free by Leaping Bunny.', 3);
INSERT INTO pages (slug, title, subtitle) VALUES ('track', 'Track My Order', 'Follow your glam from our door to yours.');
INSERT INTO page_sections (page_slug, heading, position) VALUES ('track', 'Find Your Tracking', 0);
SET @page_section_id = LAST_INSERT_ID();
INSERT INTO page_section_body (section_id, paragraph, position) VALUES (@page_section_id, 'Every order ships with a tracking number sent to the email you used at checkout. Look for a message with the subject line "Your LynxiGlam order is on the way" and tap the tracking link inside.', 0);
INSERT INTO page_section_body (section_id, paragraph, position) VALUES (@page_section_id, 'If you created an account, you can also view live status anytime under Order History in your account dashboard.', 1);
INSERT INTO page_sections (page_slug, heading, position) VALUES ('track', 'Can''t Find Your Email?', 1);
SET @page_section_id = LAST_INSERT_ID();
INSERT INTO page_section_body (section_id, paragraph, position) VALUES (@page_section_id, 'Check your spam and promotions folders first. Still nothing? Contact our Help Center with your order number and we''ll resend your tracking details right away.', 0);
INSERT INTO pages (slug, title, subtitle) VALUES ('store-locator', 'Store Locator', 'Find LynxiGlam on shelves near you.');
INSERT INTO page_sections (page_slug, heading, position) VALUES ('store-locator', 'Where To Buy', 0);
SET @page_section_id = LAST_INSERT_ID();
INSERT INTO page_section_body (section_id, paragraph, position) VALUES (@page_section_id, 'Beyond glamnetic.com, you can shop select LynxiGlam favorites at major beauty retailers nationwide, including Ulta Beauty, Sephora, and Ulta Beauty at Target.', 0);
INSERT INTO page_section_body (section_id, paragraph, position) VALUES (@page_section_id, 'Availability varies by location and season, so we recommend calling ahead to confirm your favorite style is in stock.', 1);
INSERT INTO page_sections (page_slug, heading, position) VALUES ('store-locator', 'Retail Partners', 1);
SET @page_section_id = LAST_INSERT_ID();
INSERT INTO page_section_body (section_id, paragraph, position) VALUES (@page_section_id, 'Our retail assortment features best-selling press-on nails, magnetic lashes, and application essentials. For the full catalog — including web-exclusive collections and collabs — shop online.', 0);
INSERT INTO pages (slug, title, subtitle) VALUES ('loyalty', 'LynxiGlam Rewards', 'Earn points every time you glam.');
INSERT INTO page_sections (page_slug, heading, position) VALUES ('loyalty', 'How It Works', 0);
SET @page_section_id = LAST_INSERT_ID();
INSERT INTO page_section_body (section_id, paragraph, position) VALUES (@page_section_id, 'Join LynxiGlam Rewards for free and start earning points on every purchase, review, and referral. Points add up fast and convert straight into store credit at checkout.', 0);
INSERT INTO page_section_body (section_id, paragraph, position) VALUES (@page_section_id, 'Create an account or log in, and your points balance follows you across every order.', 1);
INSERT INTO page_sections (page_slug, heading, position) VALUES ('loyalty', 'Ways To Earn', 1);
SET @page_section_id = LAST_INSERT_ID();
INSERT INTO page_section_body (section_id, paragraph, position) VALUES (@page_section_id, 'Earn points for placing orders, writing product reviews, following us on social, celebrating your birthday, and referring friends. The more you engage, the faster your rewards grow.', 0);
INSERT INTO page_sections (page_slug, heading, position) VALUES ('loyalty', 'Redeem Your Points', 2);
SET @page_section_id = LAST_INSERT_ID();
INSERT INTO page_section_body (section_id, paragraph, position) VALUES (@page_section_id, 'Cash in your points for discounts on future orders — you choose how much to apply at checkout. Points never expire as long as your account stays active.', 0);
INSERT INTO pages (slug, title, subtitle) VALUES ('membership', 'LynxiGlam Insider Plus', 'Our members-only club for serious glam.');
INSERT INTO page_sections (page_slug, heading, position) VALUES ('membership', 'Membership Perks', 0);
SET @page_section_id = LAST_INSERT_ID();
INSERT INTO page_section_body (section_id, paragraph, position) VALUES (@page_section_id, 'Insider Plus is our premium membership built for regulars. Members earn 15% back in store credit on every order, enjoy free U.S. shipping with no minimum, and unlock early access to new launches before anyone else.', 0);
INSERT INTO page_section_body (section_id, paragraph, position) VALUES (@page_section_id, 'You''ll also get a $10 welcome credit and a free nail set at sign-up — a value that covers your membership on day one.', 1);
INSERT INTO page_sections (page_slug, heading, position) VALUES ('membership', 'How To Join', 1);
SET @page_section_id = LAST_INSERT_ID();
INSERT INTO page_section_body (section_id, paragraph, position) VALUES (@page_section_id, 'Sign up in seconds during checkout or from your account dashboard. Your perks activate immediately, and you can manage or cancel your membership anytime.', 0);
INSERT INTO page_sections (page_slug, heading, position) VALUES ('membership', 'Is It Worth It?', 2);
SET @page_section_id = LAST_INSERT_ID();
INSERT INTO page_section_body (section_id, paragraph, position) VALUES (@page_section_id, 'If you restock more than a couple times a year, the store credit and free shipping typically pay for the membership several times over. Do the math — most members come out ahead fast.', 0);
INSERT INTO pages (slug, title, subtitle) VALUES ('glamfam', 'VIP GlamFam Group', 'Where the LynxiGlam community lives.');
INSERT INTO page_sections (page_slug, heading, position) VALUES ('glamfam', 'Join The GlamFam', 0);
SET @page_section_id = LAST_INSERT_ID();
INSERT INTO page_section_body (section_id, paragraph, position) VALUES (@page_section_id, 'The VIP GlamFam Group is our private community of nail and lash lovers who get first looks, insider polls, and exclusive drops. It''s the place to share your sets, swap application hacks, and help shape what we make next.', 0);
INSERT INTO page_sections (page_slug, heading, position) VALUES ('glamfam', 'Member Benefits', 1);
SET @page_section_id = LAST_INSERT_ID();
INSERT INTO page_section_body (section_id, paragraph, position) VALUES (@page_section_id, 'GlamFam members vote on upcoming shades, test early launches, and score surprise perks throughout the year. Your feedback goes straight to our design team.', 0);
INSERT INTO page_section_body (section_id, paragraph, position) VALUES (@page_section_id, 'Membership is free — just join the group and introduce your favorite look.', 1);
INSERT INTO pages (slug, title, subtitle) VALUES ('wholesale', 'Wholesale & Partnerships', 'Bring LynxiGlam to your shelves.');
INSERT INTO page_sections (page_slug, heading, position) VALUES ('wholesale', 'Stock LynxiGlam', 0);
SET @page_section_id = LAST_INSERT_ID();
INSERT INTO page_section_body (section_id, paragraph, position) VALUES (@page_section_id, 'We partner with salons, boutiques, and beauty retailers who want to offer their customers salon-quality press-ons and magnetic lashes. Our wholesale program includes competitive pricing, marketing support, and a curated best-seller assortment.', 0);
INSERT INTO page_sections (page_slug, heading, position) VALUES ('wholesale', 'Who We Work With', 1);
SET @page_section_id = LAST_INSERT_ID();
INSERT INTO page_section_body (section_id, paragraph, position) VALUES (@page_section_id, 'From independent nail studios to national chains, we tailor our program to fit your business. Minimum order quantities and tiered pricing are available on request.', 0);
INSERT INTO page_sections (page_slug, heading, position) VALUES ('wholesale', 'Apply To Partner', 2);
SET @page_section_id = LAST_INSERT_ID();
INSERT INTO page_section_body (section_id, paragraph, position) VALUES (@page_section_id, 'Ready to carry LynxiGlam? Submit a wholesale inquiry with your business details and our partnerships team will follow up within 3–5 business days.', 0);
INSERT INTO pages (slug, title, subtitle) VALUES ('apply', 'How To Apply Press-Ons', 'A flawless set in about ten minutes.');
INSERT INTO page_sections (page_slug, heading, position) VALUES ('apply', 'Prep Your Nails', 0);
SET @page_section_id = LAST_INSERT_ID();
INSERT INTO page_section_body (section_id, paragraph, position) VALUES (@page_section_id, 'Start with clean, dry, oil-free nails. Push back your cuticles, lightly buff the surface of each natural nail, and wipe with the included prep pad. A little prep is the secret to long-lasting wear.', 0);
INSERT INTO page_sections (page_slug, heading, position) VALUES ('apply', 'Size & Place', 1);
SET @page_section_id = LAST_INSERT_ID();
INSERT INTO page_section_body (section_id, paragraph, position) VALUES (@page_section_id, 'Lay out your press-ons and match each one to a natural nail — pick a size that covers the nail without touching the skin. Apply a thin, even layer of glue to both your natural nail and the press-on for the strongest hold.', 0);
INSERT INTO page_section_body (section_id, paragraph, position) VALUES (@page_section_id, 'Press each nail on at a slight downward angle toward the cuticle, then hold firmly for 15–20 seconds.', 1);
INSERT INTO page_sections (page_slug, heading, position) VALUES ('apply', 'Finish & Shape', 2);
SET @page_section_id = LAST_INSERT_ID();
INSERT INTO page_section_body (section_id, paragraph, position) VALUES (@page_section_id, 'Once all ten are set, gently file to your preferred length and shape. Avoid water and heavy hand-washing for the first hour to let the glue fully cure.', 0);
INSERT INTO faq_items (page_slug, question, answer, position) VALUES ('apply', 'How long does application take?', 'Most people finish a full set in about ten minutes once they''ve done it a couple of times.', 0);
INSERT INTO faq_items (page_slug, question, answer, position) VALUES ('apply', 'How long will my press-ons last?', 'With proper prep and glue application, a set can last up to two weeks.', 1);
INSERT INTO faq_items (page_slug, question, answer, position) VALUES ('apply', 'What if a nail doesn''t fit perfectly?', 'Choose the closest size that doesn''t touch your skin, then file the sides and free edge to customize the fit.', 2);
INSERT INTO faq_items (page_slug, question, answer, position) VALUES ('apply', 'Can I reuse my press-ons?', 'Yes — remove them gently, clean off old glue, and store them in the tray for another wear.', 3);
INSERT INTO faq_items (page_slug, question, answer, position) VALUES ('apply', 'Do I have to use glue?', 'Glue gives the longest hold, but adhesive tabs are a great no-glue option for shorter, gentler wear.', 4);
INSERT INTO pages (slug, title, subtitle) VALUES ('remove', 'How To Remove Press-Ons', 'Take them off safely — no damage, no drama.');
INSERT INTO page_sections (page_slug, heading, position) VALUES ('remove', 'The Soak Method', 0);
SET @page_section_id = LAST_INSERT_ID();
INSERT INTO page_section_body (section_id, paragraph, position) VALUES (@page_section_id, 'Fill a bowl with warm, soapy water and soak your fingertips for 10–15 minutes. This loosens the adhesive so your press-ons lift away without pulling on your natural nail.', 0);
INSERT INTO page_section_body (section_id, paragraph, position) VALUES (@page_section_id, 'Gently wiggle each nail free from the sides. Never force or pry — if one resists, soak a little longer.', 1);
INSERT INTO page_sections (page_slug, heading, position) VALUES ('remove', 'Clean & Condition', 1);
SET @page_section_id = LAST_INSERT_ID();
INSERT INTO page_section_body (section_id, paragraph, position) VALUES (@page_section_id, 'Once removed, buff away any leftover glue and wash your hands. Follow with cuticle oil or a nourishing hand cream to rehydrate your nails and skin.', 0);
INSERT INTO page_sections (page_slug, heading, position) VALUES ('remove', 'Save For Next Time', 2);
SET @page_section_id = LAST_INSERT_ID();
INSERT INTO page_section_body (section_id, paragraph, position) VALUES (@page_section_id, 'Peel any remaining adhesive off the press-ons, wipe them clean, and store them back in the tray. Cared-for sets can be worn again and again.', 0);
INSERT INTO faq_items (page_slug, question, answer, position) VALUES ('remove', 'How do I remove press-ons without damaging my nails?', 'Soak in warm, soapy water for 10–15 minutes, then gently wiggle each nail free — never force or pry.', 0);
INSERT INTO faq_items (page_slug, question, answer, position) VALUES ('remove', 'Can I use acetone?', 'A brief soak in acetone or remover can speed things up, but warm soapy water is gentler on your natural nails.', 1);
INSERT INTO faq_items (page_slug, question, answer, position) VALUES ('remove', 'A nail won''t budge — what do I do?', 'Soak longer. Forcing it can peel layers off your natural nail, so patience is key.', 2);
INSERT INTO faq_items (page_slug, question, answer, position) VALUES ('remove', 'How do I care for my nails after removal?', 'Buff off leftover glue and apply cuticle oil or hand cream to rehydrate.', 3);
INSERT INTO pages (slug, title, subtitle) VALUES ('quick-press-tips', 'Quick Press Mani Application Tips', 'Pro tricks for your fastest, longest-lasting set yet.');
INSERT INTO page_sections (page_slug, heading, position) VALUES ('quick-press-tips', 'Prep Like A Pro', 0);
SET @page_section_id = LAST_INSERT_ID();
INSERT INTO page_section_body (section_id, paragraph, position) VALUES (@page_section_id, 'Your manicure is only as good as your prep. Clean, buff, and dehydrate each nail before you start — even a trace of oil or lotion can cut your wear time in half.', 0);
INSERT INTO page_sections (page_slug, heading, position) VALUES ('quick-press-tips', 'Nail The Application', 1);
SET @page_section_id = LAST_INSERT_ID();
INSERT INTO page_section_body (section_id, paragraph, position) VALUES (@page_section_id, 'Work one hand at a time so nothing slips before it sets. Apply firm, even pressure from cuticle to tip and hold each nail longer than you think you need to. A tight, bubble-free bond is what makes a Quick Press Mani last.', 0);
INSERT INTO page_sections (page_slug, heading, position) VALUES ('quick-press-tips', 'Make It Last', 2);
SET @page_section_id = LAST_INSERT_ID();
INSERT INTO page_section_body (section_id, paragraph, position) VALUES (@page_section_id, 'Wear gloves for dishes and cleaning, keep your hands out of long hot soaks, and swipe on cuticle oil daily to keep edges from lifting. Small habits add days of wear.', 0);
INSERT INTO faq_items (page_slug, question, answer, position) VALUES ('quick-press-tips', 'How long does a Quick Press Mani last?', 'With good prep and daily care, most sets wear beautifully for up to two weeks.', 0);
INSERT INTO faq_items (page_slug, question, answer, position) VALUES ('quick-press-tips', 'How do I stop my nails from lifting early?', 'Dehydrate before applying, hold firm pressure while setting, and wear gloves for wet work.', 1);
INSERT INTO faq_items (page_slug, question, answer, position) VALUES ('quick-press-tips', 'Can I shower with my Quick Press Mani?', 'Yes — just avoid long, hot soaks in the first 24 hours while the adhesive fully cures.', 2);
INSERT INTO faq_items (page_slug, question, answer, position) VALUES ('quick-press-tips', 'What''s the biggest application mistake?', 'Skipping prep. Any leftover oil or lotion dramatically shortens how long your set holds.', 3);
INSERT INTO pages (slug, title, subtitle) VALUES ('terms', 'Terms of Service', 'The fine print for using LynxiGlam.');
INSERT INTO page_sections (page_slug, heading, position) VALUES ('terms', 'Agreement To Terms', 0);
SET @page_section_id = LAST_INSERT_ID();
INSERT INTO page_section_body (section_id, paragraph, position) VALUES (@page_section_id, 'By accessing or purchasing from glamnetic.com, you agree to these Terms of Service and all policies referenced within them. If you do not agree, please do not use the site.', 0);
INSERT INTO page_section_body (section_id, paragraph, position) VALUES (@page_section_id, 'We may update these terms from time to time. Continued use of the site after changes are posted constitutes your acceptance of the revised terms.', 1);
INSERT INTO page_sections (page_slug, heading, position) VALUES ('terms', 'Orders & Pricing', 1);
SET @page_section_id = LAST_INSERT_ID();
INSERT INTO page_section_body (section_id, paragraph, position) VALUES (@page_section_id, 'All orders are subject to acceptance and availability. We reserve the right to refuse or cancel any order, and to correct pricing errors even after an order has been placed. Prices and promotions are subject to change without notice.', 0);
INSERT INTO page_sections (page_slug, heading, position) VALUES ('terms', 'Intellectual Property', 2);
SET @page_section_id = LAST_INSERT_ID();
INSERT INTO page_section_body (section_id, paragraph, position) VALUES (@page_section_id, 'All content on this site — including logos, imagery, product designs, and copy — is the property of LynxiGlam and protected by applicable intellectual property laws. You may not reproduce or reuse it without written permission.', 0);
INSERT INTO page_sections (page_slug, heading, position) VALUES ('terms', 'Limitation Of Liability', 3);
SET @page_section_id = LAST_INSERT_ID();
INSERT INTO page_section_body (section_id, paragraph, position) VALUES (@page_section_id, 'LynxiGlam is not liable for any indirect or incidental damages arising from the use of our products or site. Our products are intended for cosmetic use only; discontinue use if irritation occurs.', 0);
INSERT INTO pages (slug, title, subtitle) VALUES ('privacy', 'Privacy Policy', 'How we collect, use, and protect your information.');
INSERT INTO page_sections (page_slug, heading, position) VALUES ('privacy', 'Information We Collect', 0);
SET @page_section_id = LAST_INSERT_ID();
INSERT INTO page_section_body (section_id, paragraph, position) VALUES (@page_section_id, 'We collect information you provide directly — such as your name, email, shipping address, and payment details — as well as data gathered automatically, like your device type, browsing activity, and cookies.', 0);
INSERT INTO page_sections (page_slug, heading, position) VALUES ('privacy', 'How We Use Your Data', 1);
SET @page_section_id = LAST_INSERT_ID();
INSERT INTO page_section_body (section_id, paragraph, position) VALUES (@page_section_id, 'Your information helps us process orders, provide customer support, personalize your experience, and send updates you''ve opted into. We never sell your personal data.', 0);
INSERT INTO page_section_body (section_id, paragraph, position) VALUES (@page_section_id, 'You can unsubscribe from marketing emails at any time using the link in any message.', 1);
INSERT INTO page_sections (page_slug, heading, position) VALUES ('privacy', 'Cookies & Tracking', 2);
SET @page_section_id = LAST_INSERT_ID();
INSERT INTO page_section_body (section_id, paragraph, position) VALUES (@page_section_id, 'We use cookies and similar technologies to keep your cart, remember preferences, and understand how the site is used. You can manage cookie preferences through your browser settings.', 0);
INSERT INTO page_sections (page_slug, heading, position) VALUES ('privacy', 'Your Rights', 3);
SET @page_section_id = LAST_INSERT_ID();
INSERT INTO page_section_body (section_id, paragraph, position) VALUES (@page_section_id, 'Depending on where you live, you may have the right to access, correct, or delete your personal information. To make a request, contact us through our Help Center and we''ll respond in line with applicable law.', 0);

INSERT INTO blog_posts (handle, title, excerpt, image, author, published_at) VALUES ('make-your-press-ons-last-2-weeks', 'How To Make Your Press-Ons Last 2+ Weeks', 'A few small habits at application are the difference between three days and three weeks of flawless wear.', 'CitrusCoast_1.webp', 'Team LynxiGlam', '2026-06-20');
INSERT INTO blog_post_body (post_handle, paragraph, position) VALUES ('make-your-press-ons-last-2-weeks', 'The single biggest factor in press-on longevity happens before you ever pick up the glue: prep. Push back your cuticles, lightly buff the shine off your natural nail, and wipe each nail with an alcohol pad. Oils are the enemy of adhesion, so this quick degrease removes the invisible layer that causes lifting on day two.', 0);
INSERT INTO blog_post_body (post_handle, paragraph, position) VALUES ('make-your-press-ons-last-2-weeks', 'Sizing matters more than most people think. Each nail should sit flush against your cuticle line and cover from sidewall to sidewall without pressing into the skin. If you are between sizes, always go down — a slightly smaller nail bonds tighter and looks more natural than one that overhangs and catches on everything.', 1);
INSERT INTO blog_post_body (post_handle, paragraph, position) VALUES ('make-your-press-ons-last-2-weeks', 'When you apply the adhesive, use a thin, even layer on both your natural nail and the back of the press-on. Press firmly and hold for a full 30 seconds per nail. That sustained pressure is what activates a strong, gap-free bond. Rushing this step is the number one reason a set pops off early.', 2);
INSERT INTO blog_post_body (post_handle, paragraph, position) VALUES ('make-your-press-ons-last-2-weeks', 'For the days that follow, treat your hands with a little care. Wear gloves for dishes and cleaning, avoid prolonged soaking, and dab cuticle oil around (not under) the nail to keep skin healthy without loosening the glue. Do this and a two-week wear becomes the norm rather than the exception.', 3);
INSERT INTO blog_posts (handle, title, excerpt, image, author, published_at) VALUES ('5-summer-nail-trends', '5 Summer Nail Trends We''re Obsessed With', 'From citrus-bright tips to milky chrome, these are the manicures defining the season.', 'SaltyWaves_1.webp', 'Team LynxiGlam', '2026-06-12');
INSERT INTO blog_post_body (post_handle, paragraph, position) VALUES ('5-summer-nail-trends', 'Summer is the season to be bold, and this year the trends are leaning playful, glossy, and unapologetically fun. If your winter sets skewed neutral, consider this your permission slip to experiment. Here are the five looks we cannot stop reaching for.', 0);
INSERT INTO blog_post_body (post_handle, paragraph, position) VALUES ('5-summer-nail-trends', 'First up: citrus brights. Think zesty orange, lime, and sunny yellow in a high-shine finish. Worn on a short square or oval, these shades read fresh rather than loud and pair effortlessly with a tan and a sundress.', 1);
INSERT INTO blog_post_body (post_handle, paragraph, position) VALUES ('5-summer-nail-trends', 'Second, milky chrome. A sheer, milky base topped with a whisper of pearlescent shimmer gives that expensive, lit-from-within glow. It is the quiet-luxury manicure that flatters every skin tone and photographs beautifully in golden-hour light.', 2);
INSERT INTO blog_post_body (post_handle, paragraph, position) VALUES ('5-summer-nail-trends', 'Rounding out the list: micro-French tips in candy pastels, ocean-inspired blues with a wet-look topcoat, and delicate aura nails that blend two shades into a soft glowing center. Mix and match across your fingers if you cannot commit to just one — an eclectic set is very on-trend this year.', 3);
INSERT INTO blog_posts (handle, title, excerpt, image, author, published_at) VALUES ('magnetic-lashes-101', 'Magnetic Lashes 101: A Beginner''s Guide', 'No glue, no waiting to dry, no mess — here''s everything you need to master magnetic lashes on your first try.', 'Magnetic_Lashes.jpg', 'Team LynxiGlam', '2026-05-28');
INSERT INTO blog_post_body (post_handle, paragraph, position) VALUES ('magnetic-lashes-101', 'Magnetic lashes swap messy adhesive for a magnetic eyeliner that your lashes snap onto — no drying time, no fumbling, and no stinging glue near your eyes. If you have avoided falsies because application felt intimidating, this system was built for you.', 0);
INSERT INTO blog_post_body (post_handle, paragraph, position) VALUES ('magnetic-lashes-101', 'Start by applying two coats of the magnetic liner along your upper lash line, just as you would any liquid liner. Let the second coat set for about a minute until it goes from wet-shiny to matte. This tacky-dry stage is the sweet spot where the magnets grip best.', 1);
INSERT INTO blog_post_body (post_handle, paragraph, position) VALUES ('magnetic-lashes-101', 'Next, position the lash from the outer corner inward, gently pressing it down onto the liner. You will feel it click into place. Adjust as needed — because there is no glue, you can lift and reposition until it sits exactly where you want it. Beginners often find it easiest to trim the band to their eye width first.', 2);
INSERT INTO blog_post_body (post_handle, paragraph, position) VALUES ('magnetic-lashes-101', 'To remove, simply peel the lash off gently from the outer corner and wipe away the liner with an oil-free micellar water. Store your lashes back on their tray to keep the band''s shape, and with proper care a single pair can be reworn 30 times or more.', 3);
INSERT INTO blog_posts (handle, title, excerpt, image, author, published_at) VALUES ('guide-to-nail-shapes', 'The LynxiGlam Guide to Nail Shapes', 'Almond, coffin, square, or round — here''s how to choose the shape that flatters your hands and fits your lifestyle.', 'LaPerle_1.webp', 'Team LynxiGlam', '2026-05-15');
INSERT INTO blog_post_body (post_handle, paragraph, position) VALUES ('guide-to-nail-shapes', 'The right nail shape can lengthen your fingers, complement your natural nail bed, and hold up to your daily routine. With so many options it helps to understand what each shape actually does before you commit to a set.', 0);
INSERT INTO blog_post_body (post_handle, paragraph, position) VALUES ('guide-to-nail-shapes', 'Almond is the universally flattering choice — tapered sides and a rounded peak that elongates the hand and feels elegant without being fragile. Coffin (also called ballerina) takes that taper and squares off the tip for a bold, editorial look that shines at longer lengths.', 1);
INSERT INTO blog_post_body (post_handle, paragraph, position) VALUES ('guide-to-nail-shapes', 'If you prefer something lower-maintenance, square and squoval shapes offer a clean, modern edge with maximum durability, making them ideal for anyone who types, cooks, or works with their hands all day. Round is the shortest and most natural-looking option, mirroring the curve of your cuticle for an understated everyday manicure.', 2);
INSERT INTO blog_post_body (post_handle, paragraph, position) VALUES ('guide-to-nail-shapes', 'When in doubt, consider your natural nail bed and how active your hands are. Wider beds are balanced beautifully by almond and oval, while shorter shapes like round and square keep things practical. There is no wrong answer — the best shape is the one you feel confident wearing.', 3);
INSERT INTO blog_posts (handle, title, excerpt, image, author, published_at) VALUES ('remove-press-ons-without-damage', 'How To Remove Press-Ons Without Damage', 'Never peel them off — this gentle soak-off method keeps your natural nails strong and healthy between sets.', 'AperitivoHour_1.webp', 'Team LynxiGlam', '2026-05-02');
INSERT INTO blog_post_body (post_handle, paragraph, position) VALUES ('remove-press-ons-without-damage', 'We get it — at the end of a long wear it is tempting to just pick at a lifting edge and pull. Please don''t. Peeling press-ons off dry takes layers of your natural nail with them, leaving your beds thin, weak, and sensitive. The good news is a proper removal takes about fifteen minutes and keeps your nails intact.', 0);
INSERT INTO blog_post_body (post_handle, paragraph, position) VALUES ('remove-press-ons-without-damage', 'Start by filing off the top shine of each press-on to break the seal, then soak your fingertips in a bowl of warm water with a few drops of gentle soap or a splash of acetone for ten to fifteen minutes. The warmth loosens the adhesive so the nails begin to lift on their own.', 1);
INSERT INTO blog_post_body (post_handle, paragraph, position) VALUES ('remove-press-ons-without-damage', 'Once softened, use a wooden cuticle stick to gently nudge under each edge and coax the nail off. If you feel any resistance, stop and soak longer — the nail should release with almost no pressure. Never force it.', 2);
INSERT INTO blog_post_body (post_handle, paragraph, position) VALUES ('remove-press-ons-without-damage', 'Finish by buffing away any leftover glue, washing your hands, and flooding your natural nails and cuticles with oil. Give your nails a day to breathe before your next set, and they will stay strong enough to rock press-ons on repeat.', 3);

INSERT INTO navigation_items (label, href, position) VALUES ('SHOP ALL', '/collections/all', 0);
SET @navigation_item_id = LAST_INSERT_ID();
INSERT INTO navigation_columns (navigation_item_id, heading, position) VALUES (@navigation_item_id, 'Glue-On Nails', 0);
SET @navigation_column_id = LAST_INSERT_ID();
INSERT INTO navigation_links (navigation_column_id, label, href, position) VALUES (@navigation_column_id, 'NEW: Sparkling Gems', '/collections/sparkling-gems', 0);
INSERT INTO navigation_links (navigation_column_id, label, href, position) VALUES (@navigation_column_id, 'NEW: Sandal Season', '/collections/sandal-season', 1);
INSERT INTO navigation_links (navigation_column_id, label, href, position) VALUES (@navigation_column_id, 'NEW: Glam Icons', '/collections/glam-icons', 2);
INSERT INTO navigation_links (navigation_column_id, label, href, position) VALUES (@navigation_column_id, 'Euro Summer', '/collections/euro-summer', 3);
INSERT INTO navigation_links (navigation_column_id, label, href, position) VALUES (@navigation_column_id, 'Best-Selling Nails', '/collections/best-sellers', 4);
INSERT INTO navigation_links (navigation_column_id, label, href, position) VALUES (@navigation_column_id, 'New Nail Arrivals', '/collections/new', 5);
INSERT INTO navigation_links (navigation_column_id, label, href, position) VALUES (@navigation_column_id, 'Nail Accessories', '/collections/accessories', 6);
INSERT INTO navigation_links (navigation_column_id, label, href, position) VALUES (@navigation_column_id, 'SHOP ALL', '/collections/all-nails', 7);
INSERT INTO navigation_columns (navigation_item_id, heading, position) VALUES (@navigation_item_id, 'Nail Collabs', 1);
SET @navigation_column_id = LAST_INSERT_ID();
INSERT INTO navigation_links (navigation_column_id, label, href, position) VALUES (@navigation_column_id, 'LYNXIGLAM X GLAMZILLA', '/collections/glamzilla', 0);
INSERT INTO navigation_links (navigation_column_id, label, href, position) VALUES (@navigation_column_id, 'Harry Potter™ x LynxiGlam', '/collections/harry-potter', 1);
INSERT INTO navigation_links (navigation_column_id, label, href, position) VALUES (@navigation_column_id, 'Hello Kitty® and Friends', '/collections/hello-kitty', 2);
INSERT INTO navigation_links (navigation_column_id, label, href, position) VALUES (@navigation_column_id, 'LynxiGlam x Fanatics', '/collections/fanatics', 3);
INSERT INTO navigation_columns (navigation_item_id, heading, position) VALUES (@navigation_item_id, 'Nail Bundles', 2);
SET @navigation_column_id = LAST_INSERT_ID();
INSERT INTO navigation_links (navigation_column_id, label, href, position) VALUES (@navigation_column_id, 'Build Your Own Sparkling Gems Nail Bundle', '/pages/build-your-own-bundle', 0);
INSERT INTO navigation_links (navigation_column_id, label, href, position) VALUES (@navigation_column_id, 'Nail Bundles & Sets', '/collections/bundles', 1);
INSERT INTO navigation_links (navigation_column_id, label, href, position) VALUES (@navigation_column_id, 'Nail Accessories Bundles', '/collections/accessories-bundles', 2);
INSERT INTO navigation_links (navigation_column_id, label, href, position) VALUES (@navigation_column_id, 'Build Your Own Nail Bundle', '/pages/build-your-own-bundle', 3);
INSERT INTO navigation_links (navigation_column_id, label, href, position) VALUES (@navigation_column_id, 'Shop All Bundles', '/collections/bundles', 4);
INSERT INTO navigation_columns (navigation_item_id, heading, position) VALUES (@navigation_item_id, 'Lashes & Liner', 3);
SET @navigation_column_id = LAST_INSERT_ID();
INSERT INTO navigation_links (navigation_column_id, label, href, position) VALUES (@navigation_column_id, 'Best Selling Lashes', '/collections/best-selling-lashes', 0);
INSERT INTO navigation_links (navigation_column_id, label, href, position) VALUES (@navigation_column_id, 'Magnetic Lashes', '/collections/magnetic-lashes', 1);
INSERT INTO navigation_links (navigation_column_id, label, href, position) VALUES (@navigation_column_id, 'Magnetic Liners', '/collections/magnetic-liners', 2);
INSERT INTO navigation_links (navigation_column_id, label, href, position) VALUES (@navigation_column_id, 'SHOP ALL', '/collections/all-lashes', 3);
INSERT INTO navigation_featured (navigation_item_id, label, image, href, position) VALUES (@navigation_item_id, 'Best-Selling Nails', 'CitrusCoast_1.webp', '/collections/best-sellers', 0);
INSERT INTO navigation_featured (navigation_item_id, label, image, href, position) VALUES (@navigation_item_id, 'Press-On Nail Collabs', '2.0HP-Widget_GlamFam.webp', '/collections/nail-collabs', 1);
INSERT INTO navigation_featured (navigation_item_id, label, image, href, position) VALUES (@navigation_item_id, 'Press-On Nails', 'LaPerle_1.webp', '/collections/all-nails', 2);
INSERT INTO navigation_featured (navigation_item_id, label, image, href, position) VALUES (@navigation_item_id, 'Magnetic Lashes', 'Magnetic_Lashes.jpg', '/collections/magnetic-lashes', 3);
INSERT INTO navigation_items (label, href, position) VALUES ('GLUE-ON NAILS', '/collections/all-nails', 1);
SET @navigation_item_id = LAST_INSERT_ID();
INSERT INTO navigation_columns (navigation_item_id, heading, position) VALUES (@navigation_item_id, 'Shop By', 0);
SET @navigation_column_id = LAST_INSERT_ID();
INSERT INTO navigation_links (navigation_column_id, label, href, position) VALUES (@navigation_column_id, 'Best-Selling Nails', '/collections/best-sellers', 0);
INSERT INTO navigation_links (navigation_column_id, label, href, position) VALUES (@navigation_column_id, 'New Nail Arrivals', '/collections/new', 1);
INSERT INTO navigation_links (navigation_column_id, label, href, position) VALUES (@navigation_column_id, 'Nail Bundles & Sets', '/collections/bundles', 2);
INSERT INTO navigation_links (navigation_column_id, label, href, position) VALUES (@navigation_column_id, 'Nail Accessories', '/collections/accessories', 3);
INSERT INTO navigation_links (navigation_column_id, label, href, position) VALUES (@navigation_column_id, 'Shop All Nails', '/collections/all-nails', 4);
INSERT INTO navigation_columns (navigation_item_id, heading, position) VALUES (@navigation_item_id, 'Collections', 1);
SET @navigation_column_id = LAST_INSERT_ID();
INSERT INTO navigation_links (navigation_column_id, label, href, position) VALUES (@navigation_column_id, 'NEW: Sparkling Gems', '/collections/sparkling-gems', 0);
INSERT INTO navigation_links (navigation_column_id, label, href, position) VALUES (@navigation_column_id, 'NEW: Sandal Season', '/collections/sandal-season', 1);
INSERT INTO navigation_links (navigation_column_id, label, href, position) VALUES (@navigation_column_id, 'NEW: Glam Icons', '/collections/glam-icons', 2);
INSERT INTO navigation_links (navigation_column_id, label, href, position) VALUES (@navigation_column_id, 'Euro Summer', '/collections/euro-summer', 3);
INSERT INTO navigation_links (navigation_column_id, label, href, position) VALUES (@navigation_column_id, 'French Tips', '/collections/french', 4);
INSERT INTO navigation_featured (navigation_item_id, label, image, href, position) VALUES (@navigation_item_id, 'NEW: Sparkling Gems', '2026_07_SparklingGems_HPWidgetGeneral.webp', '/collections/sparkling-gems', 0);
INSERT INTO navigation_items (label, href, position) VALUES ('QUICK PRESS MANI', '/collections/quick-press-mani', 2);
SET @navigation_item_id = LAST_INSERT_ID();
INSERT INTO navigation_columns (navigation_item_id, heading, position) VALUES (@navigation_item_id, 'Quick Press Mani', 0);
SET @navigation_column_id = LAST_INSERT_ID();
INSERT INTO navigation_links (navigation_column_id, label, href, position) VALUES (@navigation_column_id, 'Shop Quick Press Mani', '/collections/quick-press-mani', 0);
INSERT INTO navigation_links (navigation_column_id, label, href, position) VALUES (@navigation_column_id, 'Application Tips', '/pages/quick-press-tips', 1);
INSERT INTO navigation_featured (navigation_item_id, label, image, href, position) VALUES (@navigation_item_id, 'Our Fastest Mani Yet', 'LynxiGlam_QuickPressMani_Homepage_CategoryModule.webp', '/collections/quick-press-mani', 0);
INSERT INTO navigation_items (label, href, position) VALUES ('LASHES', '/collections/all-lashes', 3);
SET @navigation_item_id = LAST_INSERT_ID();
INSERT INTO navigation_columns (navigation_item_id, heading, position) VALUES (@navigation_item_id, 'Shop By', 0);
SET @navigation_column_id = LAST_INSERT_ID();
INSERT INTO navigation_links (navigation_column_id, label, href, position) VALUES (@navigation_column_id, 'Best Selling Lashes', '/collections/best-selling-lashes', 0);
INSERT INTO navigation_links (navigation_column_id, label, href, position) VALUES (@navigation_column_id, 'Magnetic Lashes', '/collections/magnetic-lashes', 1);
INSERT INTO navigation_links (navigation_column_id, label, href, position) VALUES (@navigation_column_id, 'Magnetic Liners', '/collections/magnetic-liners', 2);
INSERT INTO navigation_links (navigation_column_id, label, href, position) VALUES (@navigation_column_id, 'Shop All Lashes', '/collections/all-lashes', 3);
INSERT INTO navigation_featured (navigation_item_id, label, image, href, position) VALUES (@navigation_item_id, 'Magnetic Lashes', 'Lashes_1.webp', '/collections/magnetic-lashes', 0);
INSERT INTO navigation_items (label, href, position) VALUES ('BUNDLES', '/collections/bundles', 4);
SET @navigation_item_id = LAST_INSERT_ID();
INSERT INTO navigation_columns (navigation_item_id, heading, position) VALUES (@navigation_item_id, 'Bundles', 0);
SET @navigation_column_id = LAST_INSERT_ID();
INSERT INTO navigation_links (navigation_column_id, label, href, position) VALUES (@navigation_column_id, 'Build Your Own Nail Bundle', '/pages/build-your-own-bundle', 0);
INSERT INTO navigation_links (navigation_column_id, label, href, position) VALUES (@navigation_column_id, 'Nail Bundles & Sets', '/collections/bundles', 1);
INSERT INTO navigation_links (navigation_column_id, label, href, position) VALUES (@navigation_column_id, 'Nail Accessories Bundles', '/collections/accessories-bundles', 2);
INSERT INTO navigation_links (navigation_column_id, label, href, position) VALUES (@navigation_column_id, 'Shop All Bundles', '/collections/bundles', 3);
INSERT INTO navigation_featured (navigation_item_id, label, image, href, position) VALUES (@navigation_item_id, 'Sparkling Gems Bundle', 'SparklingGemsCollection_NailMenu.webp', '/collections/bundles', 0);
INSERT INTO navigation_items (label, href, position) VALUES ('LOYALTY', '/pages/loyalty', 5);
SET @navigation_item_id = LAST_INSERT_ID();

INSERT INTO shipping_rates (id, label, amount_cents, estimate, min_free_subtotal_cents, position) VALUES ('standard', 'Standard (5–7 business days)', 595, '5–7 business days', 6500, 0);
INSERT INTO shipping_rates (id, label, amount_cents, estimate, min_free_subtotal_cents, position) VALUES ('express', 'Express (2–3 business days)', 1295, '2–3 business days', NULL, 1);
INSERT INTO shipping_rates (id, label, amount_cents, estimate, min_free_subtotal_cents, position) VALUES ('overnight', 'Overnight', 2495, '1 business day', NULL, 2);
INSERT INTO promo_codes (code, kind, value, min_subtotal_cents) VALUES ('WELCOME10', 'percent', 10, NULL);
INSERT INTO promo_codes (code, kind, value, min_subtotal_cents) VALUES ('GLAM20', 'fixed', 2000, 6500);
INSERT INTO promo_codes (code, kind, value, min_subtotal_cents) VALUES ('FREESHIP', 'free_ship', 0, NULL);
INSERT INTO promo_codes (code, kind, value, min_subtotal_cents) VALUES ('SAVE15', 'percent', 15, NULL);
